Name,RA,Dec,Distance,SpectralType,Mass,Temperature,Luminosity
Sol,116.8654082,13.30955953,0,G0V,1,6000,1
Proxima Centauri,178.258158,62.65218689,4.246500002,M5V,0.2,3200,0.005
Alpha Centauri,154.5284753,11.50202145,4.344100003,G0V,1.1,6000,1.2
Alpha Centauri B,0,,0,K0V,0.8,5250,0.4
Barnard's Star,67.05226108,74.70814384,5.962899999,M5V,0.2,3200,0.005
Luhman 16,258.888967,-50.59225852,6.502899998,L5,0.05,1500,1e-06
Luhman 16 B,0,,0,T0,0.05,1200,1e-06
WISE 08550714,224.0131817,-5.312802779,7.43,Y0,0.02,600,1e-08
Wolf 359,221.2190686,6.044015346,7.855800001,M5V,0.2,3200,0.005
Lalande 21185,277.4719076,-22.32015105,8.304399999,M0V,0.6,3800,0.08
Sirius,338.1710882,-49.65364488,8.709399998,A0V,3,10000,80
Sirius B,0,,0,DA,1,10000,0.001
Gliese 65 (Luyten 726 8),342.4901111,-2.125365402,8.724,M5V,0.2,3200,0.005
Gliese 65 (Luyten 726 8) B,0,,0,M5V,0.2,3200,0.005
Ross 154,115.692875,-46.34559269,9.7063,M5V,0.2,3200,0.005
Ross 248,186.0422274,50.26994373,10.3057,M5V,0.2,3200,0.005
Epsilon Eridani,161.0071624,62.541897,10.4749,K0V,0.8,5250,0.4
Lacaille 9352,21.90717792,42.76915466,10.7241,M0V,0.6,3800,0.08
Ross 128,28.78526761,4.658724284,11.0074,M5V,0.2,3200,0.005
EZ Aquarii,305.1924405,71.52238423,11.109,M5V,0.2,3200,0.005
EZ Aquarii B,0,,0,M5V,0.2,3200,0.005
EZ Aquarii C,0,,0,M5V,0.2,3200,0.005
Procyon,357.2101323,-35.84103176,11.402,F5V,1.4,6500,3
Procyon B,0,,0,M5V,0.2,3200,0.005
61 Cygni,228.9834925,-10.09381483,11.4039,M5V,0.2,3200,0.005
61 Cygni B,0,,0,M5V,0.2,3200,0.005
"Struve 2398(Gliese 725, BD59 1915)",101.6702889,83.66093458,11.4908,M5V,0.2,3200,0.005
"Struve 2398(Gliese 725, BD59 1915) B",0,,0,M5V,0.2,3200,0.005
Groombridge 34(Gliese 15),90.88743674,-7.207031623,11.6191,M5V,0.2,3200,0.005
Groombridge 34(Gliese 15) B,0,,0,M5V,0.2,3200,0.005
DX Cancri,198.0263776,21.31826254,11.6797,M8V,0.1,2600,0.0001
Epsilon Indi,4.255671844,0.499572891,11.867,M5V,0.2,3200,0.005
Epsilon Indi B,0,,0,M5V,0.2,3200,0.005
Epsilon Indi C,0,,0,M5V,0.2,3200,0.005
Tau Ceti,17.37890558,-43.26007128,11.9118,G5V,1.05,5600,0.9
GJ 1061,273.2725771,54.91127456,11.9839,M5V,0.2,3200,0.005
YZ Ceti,214.288062,4.12175143,12.1222,M5V,0.2,3200,0.005
Luyten's Star,203.2325731,-40.90014932,12.3485,M5V,0.2,3200,0.005
Teegarden's Star,182.1893548,67.73362608,12.497,M8V,0.1,2600,0.0001
Kapteyn's Star,82.99348477,-22.58334452,12.8308,M5V,0.2,3200,0.005
Lacaille 8760,354.5656905,-11.61496192,12.9472,M0V,0.6,3800,0.08
SCR 18456357,119.8564179,31.36202335,13.0638,M5V,0.2,3200,0.005
SCR 18456357 B,0,,0,M5V,0.2,3200,0.005
Kruger 60,105.1024635,-32.05402059,13.0724,M5V,0.2,3200,0.005
Kruger 60(BD56 2783) B,0,,0,M5V,0.2,3200,0.005
DENIS J10483956,330.98712,80.94166102,13.1932,M8V,0.1,2600,0.0001
"Ross 614(V577 Monocerotis, Gliese 234)",41.10971608,40.85468269,13.363,M5V,0.2,3200,0.005
"Ross 614(V577 Monocerotis, Gliese 234) B",0,,0,M5V,0.2,3200,0.005
UGPS J0722-0540,183.6898439,22.03799992,13.43,T5,0.04,1000,1e-07
Wolf 1061,258.7491436,-0.035585941,14.05,M5V,0.2,3200,0.005
Van Maanen's Star,200.4807703,45.4581685,14.0718,M5V,0.2,3200,0.005
Gliese 1,113.4253441,-35.57301346,14.1747,M0V,0.6,3800,0.08
TZ Arietis,190.8856439,1.347130511,14.578,M0V,0.6,3800,0.08
Wolf 424,263.4563729,-4.817082057,14.595,M5V,0.2,3200,0.005
Wolf 424 B,0,,0,M5V,0.2,3200,0.005
Gliese 687,277.3208231,52.503657,14.8395,M5V,0.2,3200,0.005
Gliese 674,286.6716327,-31.75739879,14.8492,M5V,0.2,3200,0.005
LHS 292,184.8278339,32.24686496,14.8706,M5V,0.2,3200,0.005
Gliese 440,224.8441285,-14.34941648,15.1226,DA,1,10000,0.001
GJ 1245,137.2494868,43.58881793,15.2001,M5V,0.2,3200,0.005
GJ 1245 B,0,,0,M5V,0.2,3200,0.005
GJ 1245 C,0,,0,M5V,0.2,3200,0.005
WISE 17412553,78.80634042,76.89428364,15.22,T5,0.04,1000,1e-07
Gliese 876,282.3910421,43.05207999,15.2382,M5V,0.2,3200,0.005
WISE 16396847,71.46983639,39.68501622,15.336,T5,0.04,1000,1e-07
LHS 288,95.62777749,-50.0497625,15.7586,M5V,0.2,3200,0.005
GJ 1002,166.4136415,24.19949597,15.806,M5V,0.2,3200,0.005
DENIS 02554700,186.7089318,2.344000081,15.877,M5V,0.2,3200,0.005
Groombridge 1618,99.22567914,-24.90669653,15.8857,K5V,0.7,4400,0.2
Gliese 412,149.7041654,73.6921865,15.9969,M0V,0.6,3800,0.08
Gliese 412 B,0,,0,M5V,0.2,3200,0.005
AD Leonis,235.4027505,-58.62640949,16.1939,M5V,0.2,3200,0.005
Gliese 832,188.4812798,21.07959102,16.2005,K0V,0.8,5250,0.4
Gliese 682,353.4476058,36.25709122,16.3328,M5V,0.2,3200,0.005
Keid,334.3399626,-31.67985231,16.333,M5V,0.2,3200,0.005
Omicron2 Eridani B,0,,0,M0V,0.6,3800,0.08
Omicron2 Eridani C,0,,0,M0V,0.6,3800,0.08
EV Lacertae,87.14367682,57.66971738,16.4761,M5V,0.2,3200,0.005
70 Ophiuchi,209.2969394,-33.95187489,16.7074,M5V,0.2,3200,0.005
70 Ophiuchi B,0,,0,M5V,0.2,3200,0.005
Altair,147.8928803,-26.63947265,16.73,A5V,2,8200,10
EI Cancri,37.18356816,0.899447586,16.8,M5V,0.2,3200,0.005
EI Cancri B,0,,0,M5V,0.2,3200,0.005
WISE J150649.97702736.1,262.1979274,-33.21564359,16.856,T5,0.04,1000,1e-07
GJ 3379,296.4424605,-7.067122591,16.9861,M5V,0.2,3200,0.005
DENIS J081730.0615520,186.8851491,12.40418727,17.002,T5,0.04,1000,1e-07
Gliese 445,224.7159309,23.1671153,17.1368,M5V,0.2,3200,0.005
2MASS J154043425101357,244.53017,11.62979765,17.3738,L5,0.05,1500,1e-06
2MASS 09392448,240.2757922,33.84091845,17.41,L5,0.05,1500,1e-06
2MASS 09392448 B,0,,0,T5,0.04,1000,1e-07
GJ 3323,298.9761507,-44.43018125,17.5309,M5V,0.2,3200,0.005
Gliese 526,236.5830561,43.12583967,17.7263,M0V,0.6,3800,0.08
WISE 03505658,329.7685475,15.06147879,17.84,T5,0.04,1000,1e-07
Stein 2051,209.2213991,40.77167228,17.9925,M0V,0.6,3800,0.08
Stein 2051 B,0,,0,M0V,0.6,3800,0.08
2MASS J111451332618235,55.32494963,-9.777691187,18.2,T5,0.04,1000,1e-07
Gliese 251,29.75080058,6.718731079,18.2146,M5V,0.2,3200,0.005
LP 816-60,45.8338502,46.72444443,18.3305,M5V,0.2,3200,0.005
LSR J18353259,167.7262561,-31.49963125,18.5534,M8V,0.1,2600,0.0001
Gliese 205,263.5823114,48.28487117,18.6042,M0V,0.6,3800,0.08
2MASS J041519540935066,140.4215937,46.95088698,18.62,T5,0.04,1000,1e-07
Gliese 229,175.6330204,6.219277374,18.7906,M5V,0.2,3200,0.005
Gliese 229 B,0,,0,M5V,0.2,3200,0.005
Gliese 229 C,0,,0,M5V,0.2,3200,0.005
Alsafi,111.562486,9.414449075,18.7993,G5V,1.05,5600,0.9
Ross 47,197.4676961,-42.29704251,18.8883,K5V,0.7,4400,0.2
WISE 15412250,88.81065022,-2.733602406,18.93,T5,0.04,1000,1e-07
Gliese 570,250.9473825,-47.27574011,19.1987,M5V,0.2,3200,0.005
Gliese 570 B,0,,0,M5V,0.2,3200,0.005
Gliese 570 C,0,,0,M5V,0.2,3200,0.005
Gliese 570 D,0,,0,M5V,0.2,3200,0.005
Gliese 693,8.557621581,25.09161887,19.2078,M5V,0.2,3200,0.005
Gliese 754,63.15831883,71.91023224,19.2724,M5V,0.2,3200,0.005
Gliese 908,286.60492,3.390034459,19.2745,K5V,0.7,4400,0.2
Gliese 752,9.117420281,29.60985561,19.2922,M5V,0.2,3200,0.005
"Gliese 752 (Wolf 1055, HD 180617) B",0,,0,M5V,0.2,3200,0.005
Gliese 588,48.94325347,-45.77956327,19.2996,M0V,0.6,3800,0.08
Achird,129.9388621,-49.51613463,19.3314,G0V,1.1,6000,1.2
Eta Cassiopeiae B,0,,0,K5V,0.7,4400,0.2
Guniibuu,58.86668096,-7.634756006,19.4185,M5V,0.2,3200,0.005
36 Ophiuchi B,0,,0,K0V,0.8,5250,0.4
36 Ophiuchi C,0,,0,M5V,0.2,3200,0.005
YZ Canis Minoris,231.9392247,-36.60278993,19.533,M5V,0.2,3200,0.005
GJ 1005,40.48585737,23.36202206,19.577,M5V,0.2,3200,0.005
GJ 1005 B,0,,0,M5V,0.2,3200,0.005
HR 7703,308.269301,-49.71513069,19.609,M5V,0.2,3200,0.005
HR 7703 B,0,,0,M5V,0.2,3200,0.005
82 G. Eridani,255.9674649,41.91242662,19.7045,G5V,1.05,5600,0.9
Gliese 268,176.5692954,86.14389816,19.7414,M5V,0.2,3200,0.005
Gliese 268 B,0,,0,M5V,0.2,3200,0.005
Delta Pavonis,34.33424641,59.05851441,19.893,G5V,1.05,5600,0.9
SIMP J013656.5093347,131.9940894,25.53256377,19.955,T0,0.05,1200,1e-06
2MASS 09372931,43.44207805,4.139064276,19.96,T0,0.05,1200,1e-06
Gliese 784,316.1271348,32.84319425,20.1062,M0V,0.6,3800,0.08
WISE J22092711,216.8847019,54.9778402,20.17,Y0,0.02,600,1e-08
G 240-72,70.63927951,-42.44575295,20.2588,M5V,0.2,3200,0.005
Gliese 555,32.55337931,18.52727855,20.3947,M5V,0.2,3200,0.005
EQ Pegasi,157.5278623,-0.568395861,20.4277,M5V,0.2,3200,0.005
EQ Pegasi B,0,,0,M5V,0.2,3200,0.005
Gliese 581,250.5694041,-5.331888743,20.5494,M5V,0.2,3200,0.005
WISE 14055534,192.0346125,66.24868698,20.62,Y0,0.02,600,1e-08
ADS 7251,167.3536766,26.61141085,20.6575,M0V,0.6,3800,0.08
ADS 7251 B,0,,0,K5V,0.7,4400,0.2
LHS 2090,287.5615193,-0.695039749,20.7388,M5V,0.2,3200,0.005
Furuhjelm 46,320.3693158,-57.86617767,20.82,M5V,0.2,3200,0.005
Furuhjelm 46 B,0,,0,M5V,0.2,3200,0.005
2MASS 15032525,123.8051333,39.46298115,20.94,T5,0.04,1000,1e-07
LP 944-20,270.1386388,36.80548246,20.9615,M8V,0.1,2600,0.0001
LP 658-2,106.0767708,14.14100275,21.0102,M5V,0.2,3200,0.005
GL Virginis,355.8988899,37.69774897,21.0832,M5V,0.2,3200,0.005
Gliese 625,125.9817857,7.309895587,21.1309,M0V,0.6,3800,0.08
Gliese 644,1.138477496,-77.20452274,21.1961,M5V,0.2,3200,0.005
Gliese 644 B,0,,0,M5V,0.2,3200,0.005
Gliese 644 E,0,,0,M5V,0.2,3200,0.005
Gliese 644 D,0,,0,M5V,0.2,3200,0.005
Gliese 644 C,0,,0,M8V,0.1,2600,0.0001
GJ 1128,336.1807198,-6.165941885,21.2121,M5V,0.2,3200,0.005
HD 219134,181.6720808,49.32778944,21.3364,K5V,0.7,4400,0.2
WISE 08252805,229.4695156,18.28058125,21.37,Y0,0.02,600,1e-08
WISE 04101502,118.5808882,-37.73549945,21.56,Y0,0.02,600,1e-08
WISE J05211025,81.84919955,-31.48286944,21.71,T5,0.04,1000,1e-07
GJ 3737,95.2746389,65.46381852,21.7324,M5V,0.2,3200,0.005
Gliese 408,169.2790544,59.0496436,22.0081,M5V,0.2,3200,0.005
Xi Botis,285.1520925,58.64442269,22.0109,G5V,1.05,5600,0.9
Xi Botis B,0,,0,K5V,0.7,4400,0.2
Gliese 299,118.5577818,-72.71710936,22.079,M5V,0.2,3200,0.005
GJ 3522,172.5156691,-15.91052942,22.08,M5V,0.2,3200,0.005
GJ 3522 B,0,,0,M5V,0.2,3200,0.005
GJ 3522 C,0,,0,M5V,0.2,3200,0.005
Gliese 829,43.23024716,43.91863228,22.1129,M5V,0.2,3200,0.005
Gliese 829 B,0,,0,M5V,0.2,3200,0.005
Scholz's Star,43.53384714,34.45426724,22.17,M8V,0.1,2600,0.0001
Scholz's Star B,0,,0,T5,0.04,1000,1e-07
WISE 19282356,272.4038939,27.92360211,22.28,T5,0.04,1000,1e-07
WISE J02540223,150.0358595,29.94572821,22.32,T5,0.04,1000,1e-07
LTT 1445,28.42187344,-34.52690123,22.3867,M5V,0.2,3200,0.005
LTT 1445 B,0,,0,M5V,0.2,3200,0.005
LTT 1445 C,0,,0,M5V,0.2,3200,0.005
Gliese 880,173.0838537,-46.98098816,22.3973,M0V,0.6,3800,0.08
CWISE J10555443,179.8620421,-24.13472938,22.52,Y0,0.02,600,1e-08
Gliese 402,128.3912056,-0.594401857,22.7225,M5V,0.2,3200,0.005
Gliese 393,220.1655577,-0.536119975,22.9534,M0V,0.6,3800,0.08
Gliese 809,319.706437,38.96072518,22.96,M0V,0.6,3800,0.08
LSPM J21463813,288.1184847,-68.18302711,22.9858,M5V,0.2,3200,0.005
LHS 3003,336.7057026,-71.32133087,23.003,M8V,0.1,2600,0.0001
WISE 20561459,161.8497368,16.82837365,23.16,Y0,0.02,600,1e-08
GJ 1068,35.61806721,-15.3439593,23.1816,M5V,0.2,3200,0.005
WISE J004945.61215120.0,229.2106911,8.327740041,23.23,T5,0.04,1000,1e-07
GJ 1286,243.065469,29.18942561,23.4074,M5V,0.2,3200,0.005
Gliese 105,225.7008397,-34.22797408,23.5599,M0V,0.6,3800,0.08
Gliese 105 B,0,,0,M0V,0.6,3800,0.08
Gliese 105 C,0,,0,M0V,0.6,3800,0.08
2MASS J08354256-0819237,127.8366735,57.30251095,23.581,L5,0.05,1500,1e-06
GJ 4274,295.7367767,-25.10734646,23.5955,M5V,0.2,3200,0.005
Gliese 667,99.29881092,12.95260531,23.6232,K5V,0.7,4400,0.2
Gliese 667 B,0,,0,K5V,0.7,4400,0.2
Gliese 667 C,0,,0,M0V,0.6,3800,0.08
WISE 06072429,356.652151,74.03993386,23.624,L5,0.05,1500,1e-06
WISE 03137807,42.30591911,-16.80516814,24.05,T5,0.04,1000,1e-07
2MASS 1507-1627,282.9215275,4.783605242,24.169,L5,0.05,1500,1e-06
HD 4628,281.5580747,-49.48108492,24.25,K0V,0.8,5250,0.4
Beta Hydri,71.17924666,-21.27250007,24.327,G0V,1.1,6000,1.2
WISE J20003629,312.1239209,-27.77115333,24.45,T5,0.04,1000,1e-07
GJ 3991,220.1797851,1.78683347,24.784,M5V,0.2,3200,0.005
GJ 3991 B,0,,0,M5V,0.2,3200,0.005
Alpha Piscis Austrini B,211.4195527,-6.37462479,24.7929,K5V,0.7,4400,0.2
107 Piscium,21.55140907,-25.05859575,24.805,K0V,0.8,5250,0.4
G 141-36,291.192272,42.40588313,24.8445,M5V,0.2,3200,0.005
Gliese 514,201.2080533,8.696600325,24.8782,M0V,0.6,3800,0.08
WISE 17382732,115.1941098,57.81613239,24.92,Y0,0.02,600,1e-08
GJ 4053,139.1255438,55.37141463,24.9254,M5V,0.2,3200,0.005
WISE J23540240,8.919967801,-32.40619499,24.97,Y0,0.02,600,1e-08
GJ 4248,304.3500705,6.329893366,25.008,M5V,0.2,3200,0.005
Mu Cassiopeiae,350.5334817,-13.07463945,25.033,G5V,1.05,5600,0.9
Mu Cassiopeiae B,0,,0,M5V,0.2,3200,0.005
Alpha Piscis Austrini C,303.8370264,79.30812538,25.0368,M5V,0.2,3200,0.005
Vega,291.1193328,22.72212413,25.045,A0V,3,10000,80
VX Arietis,57.75450501,-28.68432981,25.0513,M0V,0.6,3800,0.08
Alpha Piscis Austrini,41.88996264,63.51876948,25.126,A5V,2,8200,10
AN Sextantis,16.34431828,36.14185181,25.1364,M0V,0.6,3800,0.08
Gliese 673,70.89779254,-39.21848598,25.1575,K5V,0.7,4400,0.2
SIPS 1259-4336,94.82090962,49.22646624,25.2,M8V,0.1,2600,0.0001
LHS 1070,251.0560445,22.10426154,25.222,M5V,0.2,3200,0.005
LHS 1070 B,0,,0,M8V,0.1,2600,0.0001
LHS 1070 C,0,,0,M8V,0.1,2600,0.0001
G 192-13,118.4876929,46.34134154,25.2245,M5V,0.2,3200,0.005
Gliese 701,237.8095635,16.41759519,25.2407,M0V,0.6,3800,0.08
GJ 1093,127.9105578,-50.70764417,25.286,M5V,0.2,3200,0.005
LP 71-82,322.5673789,43.27730039,25.4203,M5V,0.2,3200,0.005
WISE 18000134,142.1296042,-4.745618481,25.47,L5,0.05,1500,1e-06
Gliese 623,24.75198541,-77.1434056,25.585,M5V,0.2,3200,0.005
Gliese 623 B,0,,0,M5V,0.2,3200,0.005
WISE J00053737,162.9629621,-78.70940216,25.7,T5,0.04,1000,1e-07
Gliese 54,27.3439048,3.381108536,25.702,M0V,0.6,3800,0.08
Gliese 54 B,0,,0,M5V,0.2,3200,0.005
2MASS 0729-39,223.7275276,-10.80387841,25.821,T5,0.04,1000,1e-07
GJ 1224,137.4854446,-67.32135958,25.9987,M5V,0.2,3200,0.005
SCR J07404257,210.075795,-38.64654448,26.0295,M5V,0.2,3200,0.005
BB Capricorni,221.5189936,41.42953341,26.03,M5V,0.2,3200,0.005
BB Capricorni B,0,,0,M5V,0.2,3200,0.005
Gliese 257,32.11225922,-44.50842068,26.2274,M5V,0.2,3200,0.005
Gliese 257 B,0,,0,M5V,0.2,3200,0.005
GJ 1151,85.97005458,-47.76608498,26.231,M8V,0.1,2600,0.0001
Gliese 480.1,126.2661374,2.26016267,26.2637,M5V,0.2,3200,0.005
Pi3 Orionis,241.9083012,37.36103322,26.316,F5V,1.4,6500,3
Gliese 486,344.9572832,-39.43719067,26.3506,M5V,0.2,3200,0.005
2MASS J214816284003593,165.4097851,-45.61235425,26.37,L5,0.05,1500,1e-06
Gliese 793,85.82606848,72.49331444,26.3764,M5V,0.2,3200,0.005
GJ 1154,221.3110548,-68.3094774,26.3789,M5V,0.2,3200,0.005
Gliese 300,162.1377151,-19.52591383,26.473,M5V,0.2,3200,0.005
G 99-47,181.2752693,59.19976052,26.474,DA,1,10000,0.001
Gliese 686,313.8816101,-3.763206733,26.6132,M5V,0.2,3200,0.005
Gliese 293,45.45092533,51.54709618,26.6439,M5V,0.2,3200,0.005
UGPS J05213640,298.8235851,-3.444258854,26.69,T5,0.04,1000,1e-07
p Eridani,47.06952966,51.24933685,26.7334,K0V,0.8,5250,0.4
p Eridani B,0,,0,K0V,0.8,5250,0.4
L 173-19,58.03057478,-63.54357211,26.7982,M5V,0.2,3200,0.005
Gliese 884,85.68057881,-8.097165193,26.8502,K5V,0.7,4400,0.2
Gliese 48,86.51377681,-39.79314157,26.853,M5V,0.2,3200,0.005
WISEPC J115013.88630240.7,156.5457683,-51.11946881,26.87,T5,0.04,1000,1e-07
Gliese 747,25.31005631,-15.62481704,27.134,M5V,0.2,3200,0.005
Gliese 747 B,0,,0,M5V,0.2,3200,0.005
2MASS 0348-6022,64.85981613,-29.51970318,27.16,T5,0.04,1000,1e-07
Chi Draconis,245.3400853,-67.21641771,27.17,F5V,1.4,6500,3
Chi Draconis B,0,,0,K0V,0.8,5250,0.4
WD 2359-434,166.9847797,11.19217919,27.176,DA,1,10000,0.001
Mu Herculis,153.7851506,-66.89200262,27.197,G5V,1.05,5600,0.9
Mu Herculis D,0,,0,M5V,0.2,3200,0.005
Mu Herculis B,0,,0,M5V,0.2,3200,0.005
Mu Herculis C,0,,0,M5V,0.2,3200,0.005
Wolf 489,40.36450739,-29.1125766,27.2349,M5V,0.2,3200,0.005
GJ 1227,29.17980105,6.068528933,27.236,M5V,0.2,3200,0.005
GJ 1289,101.9786594,-56.81837585,27.275,M5V,0.2,3200,0.005
Gliese 185,337.697367,-2.598814027,27.2766,M0V,0.6,3800,0.08
Gliese 185 B,0,,0,M0V,0.6,3800,0.08
SCR 1138-7721,59.63131594,27.6795974,27.3296,M5V,0.2,3200,0.005
SCR J15465534,80.67886653,-42.12670657,27.39,M8V,0.1,2600,0.0001
SCR J15465534 B,0,,0,T5,0.04,1000,1e-07
2MASS J003451570523050,159.5277052,-12.65352219,27.45,T5,0.04,1000,1e-07
TYC 3980-1081-1,266.8241146,32.01964799,27.604,M5V,0.2,3200,0.005
TYC 3980-1081-1 B,0,,0,DA,1,10000,0.001
Beta Canum Venaticorum,48.68767407,-30.00654095,27.634,G0V,1.1,6000,1.2
Gliese 232,201.23274,41.6632109,27.7046,M5V,0.2,3200,0.005
Gliese 618,325.0145905,50.98297265,27.7647,M5V,0.2,3200,0.005
Gliese 618 B,0,,0,M5V,0.2,3200,0.005
Gliese 318,291.7563488,7.159409867,27.7826,DA,1,10000,0.001
61 Virginis,179.6257412,24.53396218,27.836,G5V,1.05,5600,0.9
GJ 1276,218.1544884,-50.97775355,27.8436,M5V,0.2,3200,0.005
Gliese 493.1,200.0435623,-9.990489014,27.869,M5V,0.2,3200,0.005
GJ 3454,12.172879,21.42997685,27.97,M5V,0.2,3200,0.005
GJ 3454 B,0,,0,M5V,0.2,3200,0.005
CWISEP 0402-2651,17.67043511,-29.36940838,28.025,Y0,0.02,600,1e-08
Gliese 877,285.6488531,-21.90810147,28.0412,M5V,0.2,3200,0.005
CD Ceti,10.6034209,65.21534104,28.052,M5V,0.2,3200,0.005
Zeta Tucanae,64.64036405,56.22380869,28.073,F5V,1.4,6500,3
LP 502-56,322.4117971,-35.32766875,28.107,M5V,0.2,3200,0.005
WISE 16475632,327.4689544,21.0766681,28.129,T5,0.04,1000,1e-07
CWISE 06171945,348.3816451,-49.5554852,28.25,L0,0.07,2000,1e-05
CWISE 06171945 B,0,,0,L5,0.05,1500,1e-06
GJ 3517,101.6139033,3.624844485,28.242,M8V,0.1,2600,0.0001
Chi1 Orionis,30.75975489,12.24439015,28.256,G0V,1.1,6000,1.2
Chi1 Orionis B,0,,0,M5V,0.2,3200,0.005
AP Columbae,195.8565358,12.40811126,28.2636,M5V,0.2,3200,0.005
SIPS J1141-3624,243.4860629,-4.010014806,28.3408,M5V,0.2,3200,0.005
GJ 1207,321.4025794,-1.417606472,28.3822,M5V,0.2,3200,0.005
LP 991-84,213.3983334,-68.69005652,28.459,M5V,0.2,3200,0.005
Xi Ursae Majoris,232.2999211,-5.203371784,28.49,F5V,1.4,6500,3
Xi Ursae Majoris B,0,,0,M5V,0.2,3200,0.005
Xi Ursae Majoris C,0,,0,G0V,1.1,6000,1.2
Xi Ursae Majoris D,0,,0,M5V,0.2,3200,0.005
WISE J11183125,0,,0,T5,0.04,1000,1e-07
2MASS 00361821,246.8774965,-63.57406008,28.492,L5,0.05,1500,1e-06
Gliese 250,95.50167955,12.52794084,28.5373,K5V,0.7,4400,0.2
Gliese 250 B,0,,0,M0V,0.6,3800,0.08
Gliese 250 C,0,,0,M5V,0.2,3200,0.005
Gliese 450,15.75905084,10.3260163,28.5888,M0V,0.6,3800,0.08
GJ 1103,192.2523576,-3.283155731,28.61,M5V,0.2,3200,0.005
GJ 1103 B,0,,0,M5V,0.2,3200,0.005
WISENF 19360408,214.4040185,45.47957104,28.64,Y0,0.02,600,1e-08
41 G. Arae,194.9029285,-55.80481931,28.673,G5V,1.05,5600,0.9
41 G. Arae B,0,,0,M0V,0.6,3800,0.08
41 G. Arae C,0,,0,M5V,0.2,3200,0.005
HD 192310,258.3188121,-68.22787311,28.739,K0V,0.8,5250,0.4
Gliese 849,336.209714,-26.25070502,28.7503,M5V,0.2,3200,0.005
HU Delphini,114.7564626,-37.96060032,28.762,M5V,0.2,3200,0.005
HU Delphini B,0,,0,M5V,0.2,3200,0.005
Gliese 745,142.5693587,-39.62213598,28.8066,M0V,0.6,3800,0.08
Gliese 745 B,0,,0,M0V,0.6,3800,0.08
IRAS 06355-7535 (LDS 169),234.201303,19.15991684,28.8301,M0V,0.6,3800,0.08
IRAS 06355-7535 (LDS 169) B,0,,0,M5V,0.2,3200,0.005
HR 1614,3.481127999,-27.63179959,28.8451,M0V,0.6,3800,0.08
GJ 1105,320.0033947,77.94550759,28.8653,M5V,0.2,3200,0.005
Gliese 867,202.0213792,46.01222518,28.8668,M0V,0.6,3800,0.08
Gliese 867 B,0,,0,M5V,0.2,3200,0.005
Gliese 867 C,0,,0,M5V,0.2,3200,0.005
Gliese 867 D,0,,0,M5V,0.2,3200,0.005
Ross 695,271.070651,3.007253841,28.9469,M0V,0.6,3800,0.08
SCR J0630-7643,164.6569519,-1.492026653,28.951,M5V,0.2,3200,0.005
SCR J0630-7643 B,0,,0,M5V,0.2,3200,0.005
DENIS 0334-49,59.96653481,-21.52137824,28.963,M8V,0.1,2600,0.0001
2MASS 07271710,325.305481,-3.844944437,28.99,T5,0.04,1000,1e-07
Gamma Leporis,273.4034583,-2.100938684,29.0004,F5V,1.4,6500,3
Gamma Leporis B,0,,0,K0V,0.8,5250,0.4
WISE1810,119.6128066,56.6697045,29.032,M5V,0.2,3200,0.005
GJ 2066,221.9194753,-28.14157729,29.155,M0V,0.6,3800,0.08
LHS 224,193.2299396,-31.21574213,29.43,M5V,0.2,3200,0.005
LHS 224 B,0,,0,M5V,0.2,3200,0.005
SZ Ursae Majoris,222.6589203,50.09230392,29.588,M0V,0.6,3800,0.08
Gliese 433,304.5308652,-17.82196576,29.6045,M0V,0.6,3800,0.08
Delta Eridani,57.79062711,55.763381,29.644,K5V,0.7,4400,0.2
Aa,344.0538925,55.12378887,29.65,M0V,0.6,3800,0.08
Ab,0,,0,M5V,0.2,3200,0.005
Gliese 508 B,0,,0,M5V,0.2,3200,0.005
GJ 3146,18.57059294,49.36980484,29.664,M5V,0.2,3200,0.005
LHS 1126,223.3602975,13.0202081,29.6701,M5V,0.2,3200,0.005
V374 Pegasi,283.1569518,46.72005081,29.6898,M5V,0.2,3200,0.005
2MASSI J0652307471034,350.91955,42.14335955,29.714,L5,0.05,1500,1e-06
WT 460,296.5967409,71.85672019,29.723,M5V,0.2,3200,0.005
WT 460 B,0,,0,M5V,0.2,3200,0.005
Gliese 283 (L 745-46),197.8111851,-23.43417836,29.8285,DA,1,10000,0.001
Gliese 283 (L 745-46) B,0,,0,M5V,0.2,3200,0.005
WISE 07132917,162.6295058,14.74568394,29.84,Y0,0.02,600,1e-08
2MASS J035523371133437,238.6280322,-41.37507437,29.88,L5,0.05,1500,1e-06
WISEP J213456.73-713743.6,177.2583405,-34.13582712,29.901,T5,0.04,1000,1e-07
Groombridge 1830,190.8315715,-0.034274141,29.9145,G5V,1.05,5600,0.9
GJ 3801,91.63473091,-57.97138911,29.98,M5V,0.2,3200,0.005
Beta Comae Berenices,160.663877,18.22445483,29.998,G0V,1.1,6000,1.2
CFBDS J005910.90 011401.3,278.8230998,24.89054586,30,T5,0.04,1000,1e-07
GJ 3325,108.6276582,-13.53171995,30.03,M5V,0.2,3200,0.005
WISE 04586434,164.0319776,29.44299512,30.1,T5,0.04,1000,1e-07
WISE 04586434 B,0,,0,T5,0.04,1000,1e-07
GJ 3421,342.0399946,-24.58438985,30.1,M5V,0.2,3200,0.005
2MASS 1750-00,90.43117597,-44.33935007,30.1,L5,0.05,1500,1e-06
WISE 18043117,120.495359,32.51546809,30.2,T5,0.04,1000,1e-07
Gamma Pavonis,316.9244729,-35.86806733,30.2,F5V,1.4,6500,3
GJ 3135,87.43816092,37.31706434,30.25,M0V,0.6,3800,0.08
Kappa Ceti,337.1873451,81.78212072,30.26,G5V,1.05,5600,0.9
SDSS J141624.08134826.7,163.153697,-32.02457523,30.27,M5V,0.2,3200,0.005
SDSS J141624.08134826.7 B,0,,0,T5,0.04,1000,1e-07
HD 102365 B,286.5702637,46.74892706,30.362,M5V,0.2,3200,0.005
HD 102365,80.16546088,-57.84401849,30.4,G0V,1.1,6000,1.2
2MASS J00115908,8.731768263,36.56986371,30.37,M5V,0.2,3200,0.005
GJ 1123,14.31602362,38.48118149,30.51,M5V,0.2,3200,0.005
Gliese 190,284.5635778,66.08107984,30.52,M0V,0.6,3800,0.08
Gliese 226,129.4485892,-14.06617152,30.6,M0V,0.6,3800,0.08
GJ 3306,340.9665466,-50.85487391,30.69,M5V,0.2,3200,0.005
Gliese 367,244.5892984,37.77040511,30.719,M0V,0.6,3800,0.08
Gliese 357,70.40188173,8.881666913,30.776,M0V,0.6,3800,0.08
2MASS J11592743-5247188,70.20485162,-53.43834856,30.9,M8V,0.1,2600,0.0001
2MASS 00340523,46.87066375,-31.2296028,30.9,T5,0.04,1000,1e-07
Gliese 694,121.5104173,-82.15930882,30.92,M0V,0.6,3800,0.08
Gliese 176,119.4580254,18.05223673,30.937,M0V,0.6,3800,0.08
GJ 3512,266.8520187,-11.27037993,30.976,M5V,0.2,3200,0.005
GJ 1065,260.752591,-27.57818101,30.98,M5V,0.2,3200,0.005
CWISEP J14462317,318.2449508,-48.32366878,31,Y0,0.02,600,1e-08
GJ 1227,30.59023962,14.59007984,31.06,M5V,0.2,3200,0.005
GJ 3380,295.3784591,-57.76158764,31.075,M5V,0.2,3200,0.005
HR 4458 B,5.26889453,4.277086227,31.164,M5V,0.2,3200,0.005
HR 4458,265.2263432,-43.38688689,31.177,K0V,0.8,5250,0.4
2MASS J11553952-3727350,58.49066122,-8.55028472,31.2,L0,0.07,2000,1e-05
61 Ursae Majoris,79.14259037,-6.965490644,31.24,G5V,1.05,5600,0.9
Wolf 1069,330.5390702,-24.61222967,31.229,M5V,0.2,3200,0.005
Gliese 358,174.4483534,14.22042502,31.36,M5V,0.2,3200,0.005
WISEA J11413326,136.0991308,-4.009016276,31.4,Y0,0.02,600,1e-08
TYC 3251-1875-1,273.093044,-31.67644593,31.51,M5V,0.2,3200,0.005
LHS 6167,169.58057,34.94695305,31.57,M5V,0.2,3200,0.005
WISE J140533.32835030.5,276.127175,50.62942444,31.6,L5,0.05,1500,1e-06
Gliese 479,317.6120297,5.381356115,31.61,M5V,0.2,3200,0.005
AU Microscopii,179.9762395,-83.72713249,31.683,M0V,0.6,3800,0.08
GJ 1138,300.282031,-55.99817564,31.7,M5V,0.2,3200,0.005
Gliese 436,20.4724871,37.08553109,31.882,M0V,0.6,3800,0.08
LP 655-48,112.5810825,-35.05897721,31.96,M8V,0.1,2600,0.0001
WISE 0811-8051,48.50249157,52.92633403,32,T5,0.04,1000,1e-07
GJ 3112,237.8453916,43.63554301,32.04,DA,1,10000,0.001
GJ 3253,172.7592051,-6.122089876,32.11,M5V,0.2,3200,0.005
Gliese 638,333.5425788,-50.19026402,32.114,K5V,0.7,4400,0.2
Gliese 4951,0.94905133,47.02033528,32.158,M0V,0.6,3800,0.08
Gliese 4951 B,0,,0,M5V,0.2,3200,0.005
12 Ophiuchi,246.0405357,-67.57581729,32.27,K0V,0.8,5250,0.4
GJ 3988,51.88538503,11.40569137,32.3,M5V,0.2,3200,0.005
HD 232979,224.5225814,-13.86370265,32.32,M0V,0.6,3800,0.08
GJ 3119,11.15321542,-17.79685064,32.36,M5V,0.2,3200,0.005
Gliese 680,182.5090375,19.257872,32.37,M5V,0.2,3200,0.005
Gliese 569,37.47933595,-45.84163124,32.466,M5V,0.2,3200,0.005
WISE 16141739,261.1760197,38.19112873,32.6,T5,0.04,1000,1e-07
ULAS 133511,53.75545219,-3.877002787,32.6,T5,0.04,1000,1e-07
HD 260655,100.0502171,56.02464148,32.608,M0V,0.6,3800,0.08
GJ 1125,37.84856264,-17.85793151,32.61,M5V,0.2,3200,0.005
10 parsecs,276.7129703,-39.21744414,10,M5V,0.2,3200,0.005
GJ 3976,251.5662124,-61.19369946,32.71000002,M5V,0.2,3200,0.005
GJ 3182,201.0158824,-39.25971841,32.73,DA,1,10000,0.001
Gliese 22,102.4274221,-24.00399284,32.82000001,M0V,0.6,3800,0.08
Gliese 22 B,0,,0,M5V,0.2,3200,0.005
Gliese 22 C,0,,0,M5V,0.2,3200,0.005
HR 5256,115.3703005,-45.60546187,32.82999998,K5V,0.7,4400,0.2
HR 511,104.8271009,-64.54971067,32.83999999,K0V,0.8,5250,0.4
WISE 11506302,201.2387756,-18.73827733,32.90000001,T5,0.04,1000,1e-07
WISE 1318-1758,101.3611939,-15.41495801,32.90000001,T5,0.04,1000,1e-07
Gliese 678.1,330.8251574,-36.98066941,33.11999999,M0V,0.6,3800,0.08
Gliese 453,103.7296909,-19.24496035,33.13,K5V,0.7,4400,0.2
Alpha Mensae,154.0457651,26.7805164,33.26000001,G5V,1.05,5600,0.9
Alpha Mensae B,0,,0,M5V,0.2,3200,0.005
Gliese 1277,4.181311441,53.65941989,33.58999999,M0V,0.6,3800,0.08
Pollux,341.2689913,57.51342996,33.78000001,K0III,2,4800,100
2MASS J21390220,267.8180294,43.95176293,33.8,T0,0.05,1200,1e-06
Gliese 649,3.998307086,18.93367013,33.84,M0V,0.6,3800,0.08
Gliese 339.1,96.22357285,39.79137625,33.51999999,M5V,0.2,3200,0.005
SCR J0533-4257,267.4578977,-10.08188745,33.75000002,M5V,0.2,3200,0.005
HD 17925,325.1377838,-3.058815682,33.76,K0V,0.8,5250,0.4
2MASS 0559-1404,243.0355798,22.90669816,33.76,T5,0.04,1000,1e-07
2MASS 12376526,329.2474497,-70.02543312,33.90000001,T5,0.04,1000,1e-07
WISE 1322-2340,261.4927581,-57.84629551,33.90000001,T5,0.04,1000,1e-07
Gliese 595,330.3370994,-57.95578169,34.01,M5V,0.2,3200,0.005
Gliese 127.1,348.9962859,17.1701172,34.08,M0V,0.6,3800,0.08
WISE J20300749,353.2952649,-32.73479816,34.2,T0,0.05,1200,1e-06
L 363-38,359.8516959,59.82200632,34.25000001,M5V,0.2,3200,0.005
Iota Persei,217.9581823,29.53244985,34.38000001,G0V,1.1,6000,1.2
2MASS 10472124,70.26205838,-62.6870706,34.4,T5,0.04,1000,1e-07
WD 0821-669,141.6574754,-38.64801619,34.44,DA,1,10000,0.001
2MASS J005019943322402,190.3277948,-74.76717961,34.50000001,T5,0.04,1000,1e-07
Gliese 653654,72.75208524,24.8595615,34.6,K5V,0.7,4400,0.2
Gliese 653654 B,0,,0,M0V,0.6,3800,0.08
L 98-59,176.9878158,-50.61521635,34.6,M5V,0.2,3200,0.005
WISE 0148-7202,287.8374349,-54.10081274,34.6,T5,0.04,1000,1e-07
2MASS 2228-4310,118.1859996,72.92187367,34.70000002,T5,0.04,1000,1e-07
2MASS J082519682115521,59.85817672,-3.970887702,34.8,L5,0.05,1500,1e-06
2MASS 0243-2453,285.5731693,67.04734844,34.8,T5,0.04,1000,1e-07
WISE 0734-7157,109.6066447,1.155076468,34.90000002,Y0,0.02,600,1e-08
Zeta Herculis,156.9584091,-55.61577367,34.94999999,F5V,1.4,6500,3
Zeta Herculis B,0,,0,G5V,1.05,5600,0.9
Gliese 617,240.1915673,3.589110377,34.98999999,M0V,0.6,3800,0.08
Gliese 617 B,0,,0,M5V,0.2,3200,0.005
AT Microscopii,110.2382476,9.378972546,35,M5V,0.2,3200,0.005
AT Microscopii B,0,,0,M5V,0.2,3200,0.005
TVLM513-46546,278.3729455,24.30191218,35.09999998,M8V,0.1,2600,0.0001
Gliese 203,18.45893876,30.05198534,35.10999999,M5V,0.2,3200,0.005
Gliese 3820,216.766912,74.89008587,35.12,M5V,0.2,3200,0.005
SCR J0838-5855,180.2705262,-28.81841995,35.16,M5V,0.2,3200,0.005
SCR J0838-5855 B,0,,0,M5V,0.2,3200,0.005
HR 9038,66.88597078,-25.18760041,35.2,K5V,0.7,4400,0.2
HR 9038 B,0,,0,K5V,0.7,4400,0.2
HR 9038 C,0,,0,M0V,0.6,3800,0.08
Gliese 488,306.5850381,24.16483712,35.2,M5V,0.2,3200,0.005
Delta Trianguli,206.2592506,-57.65979453,35.4,G0V,1.1,6000,1.2
Delta Trianguli B,0,,0,K5V,0.7,4400,0.2
L 34-26,290.6727768,49.02262926,35.52,M5V,0.2,3200,0.005
GJ 4063,345.9464179,-73.57957259,35.52919998,M5V,0.2,3200,0.005
Beta Virginis,198.5797846,13.83974427,35.6,F5V,1.4,6500,3
Gliese 86,288.8866842,-36.83094787,35.6,K0V,0.8,5250,0.4
Gliese 86 B,0,,0,M5V,0.2,3200,0.005
SCR J1214-2345,122.0227795,-43.76539487,35.69000001,M5V,0.2,3200,0.005
SCR J1214-2345 B,0,,0,T0,0.05,1200,1e-06
G 239-25,310.4468886,9.688093598,35.77000001,M5V,0.2,3200,0.005
HD 160346,351.3510108,-73.27272428,35.88,K5V,0.7,4400,0.2
2MASS J19513587-3510375,289.175084,-38.02710022,35.88,M5V,0.2,3200,0.005
WISE 2313-0837,293.227276,-73.10867637,35.90000002,T5,0.04,1000,1e-07
Gliese 438,62.44412808,-32.51288145,35.93999999,M5V,0.2,3200,0.005
L 369-44,125.9832107,73.8729103,36.16799999,M5V,0.2,3200,0.005
L 369-44 B,0,,0,M5V,0.2,3200,0.005
2MASS J16452211-1319516,296.8967395,46.69273166,36.19,L0,0.07,2000,1e-05
Denebola,50.97787086,-25.11707436,36.2,A5V,2,8200,10
HR 6806,290.5124804,-57.63966816,36.2,K0V,0.8,5250,0.4
54 Piscium,124.2305705,40.68598109,36.2,K0V,0.8,5250,0.4
54 Piscium B,0,,0,T5,0.04,1000,1e-07
HIP 57050,181.8058589,-0.768777602,36.2,M5V,0.2,3200,0.005
Gamma Serpentis,64.52595987,-68.6260025,36.29999999,F5V,1.4,6500,3
HD 74576,100.2677168,-20.72442154,36.29999999,K5V,0.7,4400,0.2
HD 85512,256.2583322,-44.43726066,36.40000001,K5V,0.7,4400,0.2
Gliese 325,172.165635,10.52166752,36.40000001,K5V,0.7,4400,0.2
Gliese 325 B,0,,0,M5V,0.2,3200,0.005
WD 0810 353,326.4872169,14.44711245,36.43900001,DA,1,10000,0.001
11 Leonis Minoris,81.03831176,-13.13764182,36.49999999,G5V,1.05,5600,0.9
11 Leonis Minoris B,0,,0,M5V,0.2,3200,0.005
WISE 03250831,330.432911,16.67813754,36.49999999,T5,0.04,1000,1e-07
Theta Persei,51.49065697,11.80128701,36.60000001,F5V,1.4,6500,3
Theta Persei B,0,,0,M0V,0.6,3800,0.08
HD 115404,126.0112603,-39.38794158,36.60000001,K0V,0.8,5250,0.4
HD 115404 B,0,,0,M0V,0.6,3800,0.08
Arcturus,262.0928053,-47.85939989,36.69999999,K0III,2,4800,100
ADS 48,278.3342698,-46.34340295,36.69999999,K5V,0.7,4400,0.2
ADS 48 B,0,,0,M0V,0.6,3800,0.08
G 107-6970,92.24210396,-10.96095445,36.76000001,M5V,0.2,3200,0.005
G 107-6970 B,0,,0,DA,1,10000,0.001
G 107-6970 C,0,,0,DA,1,10000,0.001
WISE 00382768,285.570471,27.02626889,36.89999999,T5,0.04,1000,1e-07
Eta Botis,83.67534106,20.01695348,37.00000001,G0V,1.1,6000,1.2
Gliese 208,240.3949855,-23.99956075,37.09999999,M0V,0.6,3800,0.08
Gliese 902,204.8930912,9.435485825,37.19999998,K5V,0.7,4400,0.2
WISE 0627-1114,300.9460584,13.23501815,37.20000001,T5,0.04,1000,1e-07
WISE 1959-3338,122.4583009,39.81192808,37.20000001,T5,0.04,1000,1e-07
Gliese 169,117.1000186,-53.64728724,37.40000001,M0V,0.6,3800,0.08
WISE 0623-0456,116.3906192,16.21358563,37.49999999,T5,0.04,1000,1e-07
WISE 2325-4105,130.8743577,21.90285391,37.49999999,T5,0.04,1000,1e-07
ADS 48 F,149.5413166,16.61927544,37.51,M0V,0.6,3800,0.08
HR 5553,356.6971958,21.0802474,37.60000001,K0V,0.8,5250,0.4
WISE 2340-0745,165.389085,-0.812893536,37.80000001,T5,0.04,1000,1e-07
Gliese 3417,111.5443204,-9.26600079,37.88000001,M5V,0.2,3200,0.005
Zeta Doradus,178.1456428,-11.16531553,38.00000001,F5V,1.4,6500,3
Zeta Doradus B,0,,0,K5V,0.7,4400,0.2
SCR J0640-0552,205.2377645,54.89870839,38.04000001,M0V,0.6,3800,0.08
SSSPM J0829-1309,299.0304253,-16.9147719,38.128,L0,0.07,2000,1e-05
Iota Pegasi,201.6541931,38.73088966,38.3,F5V,1.4,6500,3
Iota Pegasi B,0,,0,G5V,1.05,5600,0.9
Lambda Serpentis,302.7451664,29.45086882,38.3,G0V,1.1,6000,1.2
Gliese 773.6,205.9867432,-14.3908856,38.5,K5V,0.7,4400,0.2
WISE J12068401,102.8682337,1.883074159,38.5,Y0,0.02,600,1e-08
Delta Capricorni,109.6571451,-42.77658451,38.60000001,M5V,0.2,3200,0.005
HD 125072,202.3237653,63.6121181,38.60000001,K5V,0.7,4400,0.2
L 43-72,180.2143052,86.02652781,38.66,M5V,0.2,3200,0.005
Gamma Virginis,319.2675802,-23.07351553,38.7,F0V,1.6,7300,6
Gamma Virginis B,0,,0,F0V,1.6,7300,6
L 449-1,328.4145483,-52.68724085,38.7,M5V,0.2,3200,0.005
WISE 0759-4904,316.5737702,-32.24301541,38.80000001,T5,0.04,1000,1e-07
Gliese 414 B,264.8188469,24.61667636,38.7,M0V,0.6,3800,0.08
Gliese 414,91.60807156,19.70269868,38.76000001,K5V,0.7,4400,0.2
WISE 0751-7634,216.8672681,4.711563488,39.1,T5,0.04,1000,1e-07
G 180-060,269.567556,61.12897472,39.20000002,M5V,0.2,3200,0.005
Gliese 806,141.8870222,27.37248261,39.34799999,M5V,0.2,3200,0.005
Zeta Reticuli,62.08017808,-34.97429061,39.39999998,G5V,1.05,5600,0.9
Zeta Reticuli B,0,,0,G0V,1.1,6000,1.2
Zeta Trianguli Australis,10.51366366,49.80175425,39.5,F5V,1.4,6500,3
85 Pegasi,151.115465,-2.868309131,39.5,G5V,1.05,5600,0.9
85 Pegasi B,0,,0,K5V,0.7,4400,0.2
Gliese 798,122.6566144,-27.12651925,39.5,K5V,0.7,4400,0.2
Gliese 180,153.9540433,-37.70743783,39.5,M0V,0.6,3800,0.08
TRAPPIST-1,177.6387429,30.31081109,39.5,M8V,0.1,2600,0.0001
WISE 16534444,57.78929847,-0.441550137,39.5,T5,0.04,1000,1e-07
Gliese 3304,151.4947771,-50.97436471,39.52999999,M5V,0.2,3200,0.005
HR 3384,127.8308162,-1.462836255,39.7,G5V,1.05,5600,0.9
V538 Aurigae,163.4225548,49.18654264,39.9,K0V,0.8,5250,0.4
Gliese 179,298.326886,23.00692277,40.1,M0V,0.6,3800,0.08
Beta Trianguli Australis,137.6161905,-27.9654271,40.19999999,F0V,1.6,7300,6
Gliese 806,324.2282437,-29.19741827,40.19999999,M0V,0.6,3800,0.08
55 Cancri,17.34300453,-18.87600252,40.25,G5V,1.05,5600,0.9
55 Cancri B,0,,0,M5V,0.2,3200,0.005
Gliese 435,12.41147691,20.45964449,40.79999999,K5V,0.7,4400,0.2
Gliese 4360,334.8431417,-50.49550374,40.77,M5V,0.2,3200,0.005
Gliese 4360 B,0,,0,M5V,0.2,3200,0.005
WISE 1051-2138,314.1528879,15.43711427,40.79999999,T5,0.04,1000,1e-07
WISE J0457-0207,277.4748864,3.044783328,40.79999999,T0,0.05,1200,1e-06
LHS 1140,239.5841102,41.85159894,40.99999999,M5V,0.2,3200,0.005
HD 69830,26.50902932,-8.967155142,40.99999999,G5V,1.05,5600,0.9
ULAS J0034-00,47.35793381,-0.198120382,40.99999999,Y0,0.02,600,1e-08
WISE 15422230,326.658347,32.23174783,41.10000001,T5,0.04,1000,1e-07
Gliese 1132,99.94654683,-29.70549425,41.15000001,M0V,0.6,3800,0.08
HR 483,102.9272889,46.72070073,41.19999999,G0V,1.1,6000,1.2
HR 483 B,0,,0,M5V,0.2,3200,0.005
Lambda Aurigae,255.8248714,50.07441667,41.19999999,G0V,1.1,6000,1.2
Gliese 142,140.3931099,-0.798929785,41.19999999,M0V,0.6,3800,0.08
HD 175224,184.8726049,66.40795871,41.19999999,M5V,0.2,3200,0.005
Innes' star,143.5543869,-50.69764801,41.30000001,M5V,0.2,3200,0.005
HD 14412,29.34133522,17.55326099,41.39999999,G5V,1.05,5600,0.9
Gliese 349,179.2366787,59.55694273,41.39999999,K5V,0.7,4400,0.2
44 Botis,54.03769777,-52.60471709,41.59999999,G0V,1.1,6000,1.2
44 Botis B,0,,0,F5V,1.4,6500,3
2MASS J0523-1403,329.4194711,66.29909656,41.62000001,L0,0.07,2000,1e-05
HD 158633,60.63894526,-27.50297397,41.70000001,K0V,0.8,5250,0.4
Gliese 3707,189.6169647,0.268950951,41.74999998,M5V,0.2,3200,0.005
HD 40307,60.56593532,-34.99232696,41.79999999,K0V,0.8,5250,0.4
36 Ursae Majoris,40.38682723,-32.94449051,41.90000001,F5V,1.4,6500,3
HD 147513,122.3964002,9.471616431,41.99999999,G0V,1.1,6000,1.2
Gliese 428,183.2799357,-14.60621744,41.99999999,K5V,0.7,4400,0.2
WISE 08575604,192.0020786,-40.26621243,42.10000001,T5,0.04,1000,1e-07
HD 104304,144.1909016,43.95645623,42.10000001,G5V,1.05,5600,0.9
HD 104304 B,0,,0,M5V,0.2,3200,0.005
Aa,169.4837609,-73.32785366,42.919,G5III,3,5000,200
Ab,0,,0,G5III,3,5000,200
Capella H,22.7173633,-37.43926725,43.52,M0V,0.6,3800,0.08
Capella L,326.5792062,23.31715236,43.38000002,M5V,0.2,3200,0.005
Wolf 1473,177.1089885,-51.72006601,42.25999998,M5V,0.2,3200,0.005
Gliese 204,87.15635887,-45.43385786,42.30000001,K5V,0.7,4400,0.2
HD 166348,18.6959908,-28.28892825,42.30000001,M0V,0.6,3800,0.08
WISE 2019-1148,92.00220331,-38.72321784,42.4,T5,0.04,1000,1e-07
HD 172051,346.8528696,32.90632983,42.4,G5V,1.05,5600,0.9
Gliese 521,6.651085215,32.54405653,42.4,M0V,0.6,3800,0.08
GRW 70 8247,168.9824667,40.80000543,42.4,DA,1,10000,0.001
Gliese 1001,104.0210735,-26.85721936,42.44,M0V,0.6,3800,0.08
Gliese 1001 B,0,,0,M0V,0.6,3800,0.08
WISE 2134-7137,247.2063139,28.46364436,42.70000001,T5,0.04,1000,1e-07
WISE 2359-7335,225.7110638,-40.69532143,42.70000001,T5,0.04,1000,1e-07
Gliese 167,6.930764953,-35.21164145,42.70000001,M0V,0.6,3800,0.08
HD 190007,227.2903811,6.366991298,42.8,K5V,0.7,4400,0.2
SZ Crateris,208.3860566,-5.29088258,42.90000001,K5V,0.7,4400,0.2
HD 170657,337.2978122,55.36475541,43.10000001,K0V,0.8,5250,0.4
58 Eridani,62.47848266,-15.31536252,43.4,G0V,1.1,6000,1.2
CW Ursae Majoris,54.17168433,26.51569287,43.6,M5V,0.2,3200,0.005
Gliese 146,35.64171191,27.84180015,43.6,M0V,0.6,3800,0.08
Gliese 1267,41.43428707,-47.27490091,43.6,M0V,0.6,3800,0.08
Gliese 556,142.703862,-14.20315298,43.8,K5V,0.7,4400,0.2
Gliese 69,189.0668843,-7.87143008,43.8,K5V,0.7,4400,0.2
Upsilon Andromedae,276.299214,10.80164259,43.89999998,F5V,1.4,6500,3
Upsilon Andromedae B,0,,0,M5V,0.2,3200,0.005
Theta Ursae Majoris,51.94151454,-32.63581912,44,F5V,1.4,6500,3
HD 29697,137.5764198,-4.805150871,44,K5V,0.7,4400,0.2
G 161-71,136.4525675,-0.71865609,44.01999998,M5V,0.2,3200,0.005
Gliese 868,195.852289,0.23357362,44.2,K5V,0.7,4400,0.2
WISE 03595401,103.4807975,-10.19557327,44.29999999,Y0,0.02,600,1e-08
WISE 13110122,163.7310314,-37.42319403,44.4,T5,0.04,1000,1e-07
WISE 19527240,10.77714768,7.099211508,44.4,T5,0.04,1000,1e-07
HD 211415,312.09028,-9.049190657,44.4,G0V,1.1,6000,1.2
HD 211415 B,0,,0,M5V,0.2,3200,0.005
Gliese 528,321.0779587,54.4703459,44.4,K5V,0.7,4400,0.2
Gliese 528 B,0,,0,M5V,0.2,3200,0.005
G 29-38,27.33359407,-51.8611234,44.4,DA,1,10000,0.001
HD 154577,248.1471388,-38.32064334,44.6,K0V,0.8,5250,0.4
WISE 05130608,18.27329313,-3.418177867,44.69999999,T5,0.04,1000,1e-07
WISE 2255-3118,273.5050945,-18.5689581,44.69999999,T5,0.04,1000,1e-07
Beta Aquilae,301.6330672,18.74534391,44.70000002,G5V,1.05,5600,0.9
HD 166,53.43728311,-12.38864167,44.69999999,G5V,1.05,5600,0.9
Gliese 215,341.6372313,18.82518437,44.69999999,M5V,0.2,3200,0.005
10 Tauri,187.9573936,2.086694871,44.8,F5V,1.4,6500,3
Gliese 615,325.2161641,16.62820073,44.8,K5V,0.7,4400,0.2
HD 166,36.57523646,33.19784192,44.89999999,K0V,0.8,5250,0.4
WISE J03042705,299.3552462,-13.59731386,45,Y0,0.02,600,1e-08
WISE 22260440,128.9147777,-9.629807464,45,T5,0.04,1000,1e-07
Gamma Cephei,144.0296769,-31.29655159,45,K0V,0.8,5250,0.4
Gamma Cephei B,0,,0,M5V,0.2,3200,0.005
Iota Piscium,131.9910268,-3.637191401,45,F5V,1.4,6500,3
WISE 0323-6025,281.039559,17.36994063,45.30000002,T5,0.04,1000,1e-07
GJ 898,72.79692015,16.40332443,45.49999999,K5V,0.7,4400,0.2
Tau Eridani,328.4449994,-72.60165496,45.60000001,F5V,1.4,6500,3
Alpha Fornacis,328.2430855,48.85910861,45.65999999,F5V,1.4,6500,3
Ba,0,,0,G5V,1.05,5600,0.9
Bb,0,,0,M5V,0.2,3200,0.005
18 Scorpii,227.2738373,43.6117989,45.69999999,G0V,1.1,6000,1.2
Gliese 532,259.7305364,-55.99928864,45.69999999,K5V,0.7,4400,0.2
WISE 03354310,162.4070557,32.03024345,45.69999999,T5,0.04,1000,1e-07
WISE 07233403,223.8711269,21.60785023,45.69999999,T5,0.04,1000,1e-07
HD 23356,213.4739482,-4.856347037,45.80000001,K0V,0.8,5250,0.4
47 Ursae Majoris,30.60284057,-10.98739532,45.89999999,G0V,1.1,6000,1.2
26 Draconis,283.0855285,69.81032872,45.89999999,F5V,1.4,6500,3
26 Draconis B,0,,0,K5V,0.7,4400,0.2
26 Draconis C,0,,0,M0V,0.6,3800,0.08
Gliese 42,267.682518,-61.07838665,45.90000002,K5V,0.7,4400,0.2
Gliese 400,9.152883364,-4.283165141,46.00000001,M5V,0.2,3200,0.005
WISE 0819-0335,85.86685519,16.30849344,46.00000001,T5,0.04,1000,1e-07
WISE 2209-2734,201.3722508,29.28366888,45.99999998,T5,0.04,1000,1e-07
WISE 22377228,214.5838345,-10.54728573,46.00000001,T5,0.04,1000,1e-07
WISE 23441034,206.4243095,-48.80491586,46.00000001,T5,0.04,1000,1e-07
Gliese 726,167.0136299,29.79200608,46.09999999,K5V,0.7,4400,0.2
Gliese 529,261.5613798,-30.46796951,46.29999999,K5V,0.7,4400,0.2
Gliese 282,212.8217469,5.089680362,46.29999999,K0V,0.8,5250,0.4
Gliese 282 B,0,,0,K5V,0.7,4400,0.2
Gliese 282 C,0,,0,M0V,0.6,3800,0.08
Gliese 2130,233.0819499,-26.98022863,46.31,M0V,0.6,3800,0.08
Gliese 2130 B,0,,0,M0V,0.6,3800,0.08
HR 7578,239.6228756,-41.47568299,46.60000001,K5V,0.7,4400,0.2
Pi Ursae Majoris,0.191334391,-4.029247955,46.60000001,G0V,1.1,6000,1.2
Gliese 481,68.32156815,-44.47555581,46.60000001,K5V,0.7,4400,0.2
WISE 04586434,278.2593666,46.14102584,46.60000001,T5,0.04,1000,1e-07
WISE 04586434 B,0,,0,T5,0.04,1000,1e-07
WISE 18282650,93.19330968,50.57872993,46.60000001,Y0,0.02,600,1e-08
Alpha Ophiuchi,100.8849922,38.15867617,46.69999999,A5V,2,8200,10
Alpha Ophiuchi B,0,,0,K5V,0.7,4400,0.2
Eta Cephei,272.1753318,-8.405980233,46.80000001,K0V,0.8,5250,0.4
Gliese 613,54.8655482,-27.3255679,46.80000001,K5V,0.7,4400,0.2
Gliese 611,358.0203279,21.52892231,46.9,G5V,1.05,5600,0.9
Gliese 611 B,0,,0,M5V,0.2,3200,0.005
72 Herculis,287.802317,7.00085276,46.9,G0V,1.1,6000,1.2
HD 150689,293.380387,55.23954754,46.9,K0V,0.8,5250,0.4
TYC 3135 52 1,328.5233519,-47.41022558,46.95,M5V,0.2,3200,0.005
Gliese 546,176.2363425,49.95297328,47.00000001,K5V,0.7,4400,0.2
HIP 79431,45.93568106,-36.66341933,47.00000001,M5V,0.2,3200,0.005
WISE 0223-2932,194.0912567,-57.96074508,46.99999998,T5,0.04,1000,1e-07
WISE 0500-1223,231.4136642,-19.60447947,46.99999998,T5,0.04,1000,1e-07
WISE 18122721,295.5814332,-71.29045276,47.00000001,T5,0.04,1000,1e-07
WISE 0535-7500,175.3194168,27.70866152,47.00000001,Y0,0.02,600,1e-08
CM Draconis,30.86661732,-28.91025529,47.1,M5V,0.2,3200,0.005
VHS J125804.89-441232.4,182.9364351,-32.53992002,47.1,T5,0.04,1000,1e-07
WISE 07445628,135.4927324,-33.55378394,47.3,T5,0.04,1000,1e-07
WISE 1309-1600,209.4003841,-13.54573787,47.3,T5,0.04,1000,1e-07
Theta Botis,195.5771198,-16.14934669,47.5,F5V,1.4,6500,3
Theta Botis B,0,,0,M0V,0.6,3800,0.08
Gliese 1214,322.0124115,-16.96816917,47.5,M0V,0.6,3800,0.08
Nu Lupi,320.6462774,79.2313467,47.5,G0V,1.1,6000,1.2
HIP 79431,256.2100435,38.3399526,47.54,M5V,0.2,3200,0.005
WISE 00400900,122.5112168,-60.78105293,47.60000001,T5,0.04,1000,1e-07
WISE 1018-2445,9.358706011,-48.58646027,47.60000001,T5,0.04,1000,1e-07
Iota Ursae Majoris,328.2989408,-50.69214971,47.7,A5V,2,8200,10
Gliese 259,41.22316666,-37.30722069,47.7,K0V,0.8,5250,0.4
111 Tauri,221.8130593,-52.65309278,47.79999998,F5V,1.4,6500,3
111 Tauri B,0,,0,K5V,0.7,4400,0.2
HD 196761,114.8151776,-2.629333455,47.80000002,G5V,1.05,5600,0.9
OU Geminorum,210.3301498,-0.972584559,47.79999998,K5V,0.7,4400,0.2
Gliese 604,184.3235282,4.991367612,47.79999998,K5V,0.7,4400,0.2
Psi Capricorni,36.39941979,12.77869988,47.9,F5V,1.4,6500,3
Psi Serpentis,94.65591049,22.97506415,47.9,G5V,1.05,5600,0.9
Psi Serpentis B,0,,0,K0V,0.8,5250,0.4
Gliese 420,108.7981297,-6.464127957,47.9,K5V,0.7,4400,0.2
WISE 2018-7423,318.9790624,-37.16821017,47.9,T5,0.04,1000,1e-07
CWISEP J10475457,155.5679414,23.7376071,47.99999998,Y0,0.02,600,1e-08
Gliese 833,64.31847169,-75.26792451,48.1,K5V,0.7,4400,0.2
Alpha Corvi,216.8944127,-46.13963941,48.19999998,F0V,1.6,7300,6
Alpha Corvi B,0,,0,M5V,0.2,3200,0.005
Gliese 269,280.4558578,-54.08990088,48.19999998,K5V,0.7,4400,0.2
BPM 37093,157.0241542,19.55709441,48.38999998,DA,1,10000,0.001
LHS 3844,125.9163851,26.98124504,48.52999999,M5V,0.2,3200,0.005
20 Leonis Minoris,50.58714173,56.61088932,48.59999999,G5V,1.05,5600,0.9
WISE 0015-4615,293.1051666,11.94594351,48.59999999,T5,0.04,1000,1e-07
WISE 2343-7418,270.5240547,-24.68965188,48.60000002,T5,0.04,1000,1e-07
HD 4391,62.34005575,-38.35856049,48.7,G5V,1.05,5600,0.9
Alpha Cephei,191.5961829,20.88457501,48.79999999,A5V,2,8200,10
Gliese 123,283.8905056,4.390568265,48.80000002,M0V,0.6,3800,0.08
LHS 1140,316.6816307,-45.00808608,48.79999999,M5V,0.2,3200,0.005
HD 176051,107.6185245,-12.52745703,48.9,G0V,1.1,6000,1.2
HD 176051 B,0,,0,K0V,0.8,5250,0.4
Gliese 14,347.1863346,-22.37782474,48.9,M0V,0.6,3800,0.08
Gliese 163,287.6545911,0.003230495,48.9,M0V,0.6,3800,0.08
WISEP J004701.06680352.1,308.7308911,-13.84714784,48.9,L5,0.05,1500,1e-06
HD 84117,34.85573504,-35.48983984,48.99999999,F5V,1.4,6500,3
HD 200779,150.2988196,42.83484911,49.07000001,K5V,0.7,4400,0.2
Eta Leporis,129.3892709,-77.27572023,49.1,F0V,1.6,7300,6
Nu Phoenicis,209.1041424,64.79618867,49.1,F5V,1.4,6500,3
Gliese 52,169.4174003,-25.6221864,49.1,K5V,0.7,4400,0.2
Gliese 483,153.6238725,-52.53472549,49.1,K5V,0.7,4400,0.2
Aa,354.0125498,58.5046942,49.15000001,A0V,3,10000,80
Ab,0,,0,M5V,0.2,3200,0.005
Ba,0,,0,A5V,2,8200,10
Bb,0,,0,M5V,0.2,3200,0.005
Ca,0,,0,M5V,0.2,3200,0.005
Cb,0,,0,M5V,0.2,3200,0.005
19 Draconis,250.6423685,18.26590243,49.20000002,F5V,1.4,6500,3
GJ 1279,10.19840027,10.27668075,49.19999999,K5V,0.7,4400,0.2
Gliese 141,350.9036129,-48.28837324,49.3,M0V,0.6,3800,0.08
31 Aquilae,309.1315156,69.289213,49.39999999,G5V,1.05,5600,0.9
AB Doradus,237.2318352,58.94397276,49.50000001,K0V,0.8,5250,0.4
Ba,0,,0,M5V,0.2,3200,0.005
Bb,0,,0,M5V,0.2,3200,0.005
AB Doradus C,0,,0,M8V,0.1,2600,0.0001
L 489-43,129.6790633,16.08607782,49.50000001,M5V,0.2,3200,0.005
171 G. Puppis,58.44372134,31.49246571,49.59999999,G0V,1.1,6000,1.2
Gliese 40,101.650903,32.86853199,49.59999999,K5V,0.7,4400,0.2
HR 5864,178.6390883,-4.266381361,49.70000001,G5V,1.05,5600,0.9
Mu Arae,50.67860742,-59.13493548,49.79999999,G5V,1.05,5600,0.9
Gliese 317,357.8246927,-15.72819194,49.90000001,M0V,0.6,3800,0.08
SCR J1826-6542,33.11495542,2.992182652,49.11999999,M5V,0.2,3200,0.005
Delta Aquilae,40.57333913,-7.571999936,50.10000001,F0V,1.6,7300,6
Delta Aquilae B,0,,0,K5V,0.7,4400,0.2
51 Pegasi,150.7268872,-83.53569277,50.09999997,G5V,1.05,5600,0.9
HR 159,150.2104261,-31.82777491,50.19999999,G5V,1.05,5600,0.9
HR 159 B,0,,0,G5V,1.05,5600,0.9
WISE 06143912,92.64222999,47.80489616,50.19999999,T5,0.04,1000,1e-07
WISE 16171807,238.8338327,-52.52953298,50.19999999,T5,0.04,1000,1e-07
WISE 16273255,102.2750522,-39.24867891,50.19999999,T5,0.04,1000,1e-07
Gliese 156,314.2367055,-21.58173606,50.29999998,M0V,0.6,3800,0.08
Phi Ceti,71.15569033,12.44398194,50.39999999,F5V,1.4,6500,3
Sigma Botis,5.143006438,-23.77046655,50.39999999,F0V,1.6,7300,6
Gliese 862,319.3907016,16.55976993,50.39999999,K5V,0.7,4400,0.2
Gliese 227,277.3580628,-13.35564859,50.40000002,K5V,0.7,4400,0.2
99 Herculis,207.349824,61.19873959,50.50000001,F5V,1.4,6500,3
99 Herculis B,0,,0,K5V,0.7,4400,0.2
Gliese 758B,12.82531764,46.94529627,50.50000001,G5V,1.05,5600,0.9
WISE 0542-1628,213.8131327,-61.93496229,50.59999999,T5,0.04,1000,1e-07
WISE 1124-0421,95.70144159,-59.16030996,50.59999999,T5,0.04,1000,1e-07
WISE 20156646,293.0776728,33.22732504,50.60000003,T5,0.04,1000,1e-07
Gliese 36853686,119.0550991,-14.85076109,50.70000001,M5V,0.2,3200,0.005
HD 38858,178.3629748,-0.34263225,50.80000003,G5V,1.05,5600,0.9
HD 135599,240.08412,-49.89744703,50.79999999,K5V,0.7,4400,0.2
Gliese 778,153.466928,-40.39082592,50.80000003,K5V,0.7,4400,0.2
Mu Arae,264.9153165,12.32715308,50.89,G5V,1.05,5600,0.9
Tau Botis,107.4202171,43.08492317,50.90000001,F5V,1.4,6500,3
Gliese 1175,184.643017,8.27286818,50.89999998,M0V,0.6,3800,0.08
WISE 15197009,332.049066,-2.848669525,50.90000001,T5,0.04,1000,1e-07
HD 207129,195.7071458,50.4009698,50.99999999,G0V,1.1,6000,1.2
Gliese 782,157.6413138,-14.42095625,51.10000001,K5V,0.7,4400,0.2
Gliese 397,19.04970309,37.36807391,51.10000001,K5V,0.7,4400,0.2
HD 113538,153.3322274,8.944333064,51.2,K5V,0.7,4400,0.2
WISE 0325-3854,68.44399101,-48.1407816,51.2,T5,0.04,1000,1e-07
WISE 23420856,29.25628751,-77.59802718,51.2,T5,0.04,1000,1e-07
HD 139763,222.9732969,2.713516666,51.29999998,K5V,0.7,4400,0.2
Gliese 157,121.6307887,-63.95443615,51.4,M0V,0.6,3800,0.08
WISE 06140951,16.08342694,-42.48021604,51.49999998,T5,0.04,1000,1e-07
WISE 07502725,1.616152546,50.90154278,51.50000001,T5,0.04,1000,1e-07
WISE 09064735,193.9864965,4.581332299,51.49999998,T5,0.04,1000,1e-07
WISE 19064508,355.8486852,2.349253861,51.50000001,T5,0.04,1000,1e-07
Gliese 3929,263.7332134,-55.9816519,51.54000001,M5V,0.2,3200,0.005
Chi Herculis,160.8418608,0.207743322,51.69999998,F5V,1.4,6500,3
104 Tauri,259.8203226,-18.82991362,51.8,G5V,1.05,5600,0.9
Gliese 777,146.4144597,35.67133277,51.8,G5V,1.05,5600,0.9
Gliese 777 B,0,,0,M5V,0.2,3200,0.005
Ross 640,150.0039256,60.73110263,51.84,M5V,0.2,3200,0.005
Gliese 619,167.2055361,-48.29184191,51.90000001,K5V,0.7,4400,0.2
Gliese 112.1,327.6292855,39.14130133,51.90000001,M0V,0.6,3800,0.08
Gliese 156.2,257.1742686,-54.39367042,52.09999998,M0V,0.6,3800,0.08
Gliese 462,275.6803853,66.86791025,52.2,K5V,0.7,4400,0.2
Gliese 3,279.8191322,59.97228287,52.2,K5V,0.7,4400,0.2
WISE 14575815,344.4146571,17.88776146,52.2,T5,0.04,1000,1e-07
WISE 2319-1844,202.7870357,-7.089817979,52.2,T5,0.04,1000,1e-07
WISE 1622-0959,179.0317017,-12.64652044,52.2,T5,0.04,1000,1e-07
Gliese 3781,82.06706807,16.88684764,52.29999998,G5V,1.05,5600,0.9
Gliese 32,133.8647163,53.89663137,52.30000002,K5V,0.7,4400,0.2
Gliese 1062,109.6453531,-75.20187806,52.29999998,M0V,0.6,3800,0.08
HD 179930,162.1793614,-52.33133586,52.50000002,M5V,0.2,3200,0.005
Gliese 1264,334.1521543,-18.35981592,52.6,M0V,0.6,3800,0.08
HR 3138,172.0261372,19.2058964,52.8,G0V,1.1,6000,1.2
Gliese 472,209.018541,30.43504009,52.8,K5V,0.7,4400,0.2
Gliese 824,306.348467,-64.85253683,52.8,K5V,0.7,4400,0.2
I Carinae,115.5548525,-5.003273457,52.89999999,F0V,1.6,7300,6
Gliese 152,10.27905826,30.15965385,52.89999999,M0V,0.6,3800,0.08
Xi Pegasi,255.7541816,-16.43154209,53,F5V,1.4,6500,3
Xi Pegasi B,0,,0,M5V,0.2,3200,0.005
10 Ursae Majoris,9.559244155,-12.18000745,53,F5V,1.4,6500,3
WISE 1042-3842,129.3901465,51.88350668,53.2,T5,0.04,1000,1e-07
HR 6516,246.2810374,15.16346656,53.29999999,G5V,1.05,5600,0.9
9 Puppis,28.09084277,-4.999338346,53.4,G0V,1.1,6000,1.2
Gliese 143,74.11527167,-53.20633282,53.4,M0V,0.6,3800,0.08
Gliese 1177,0.636573719,-5.670670459,53.4,M0V,0.6,3800,0.08
Gliese 826.1,44.47154825,-75.89898145,53.4,K5V,0.7,4400,0.2
HD 40887,338.6400296,39.26212445,53.4,K5V,0.7,4400,0.2
Alpha Circini,107.244167,57.96728751,53.49999999,A5V,2,8200,10
Gliese 247,22.68599109,28.96925542,53.49999999,K5V,0.7,4400,0.2
BPM 37093,313.7284656,53.04627932,53.49999999,DA,1,10000,0.001
WISE 2237-0614,136.296228,2.809842091,53.49999999,T5,0.04,1000,1e-07
BY Draconis,325.8779504,2.985367572,53.6,K5V,0.7,4400,0.2
Gliese 531,66.58097864,74.37642056,53.6,K5V,0.7,4400,0.2
Gliese 676,16.7961716,18.1876631,53.69999999,M0V,0.6,3800,0.08
Gliese 676 B,0,,0,M5V,0.2,3200,0.005
Gliese 322,315.6182226,45.44388241,53.8,K5V,0.7,4400,0.2
WISE 0241-3653,104.8939692,-41.47290702,53.8,T5,0.04,1000,1e-07
Psi5 Aurigae,314.522187,-49.29599357,53.89999999,G0V,1.1,6000,1.2
HD 537055370653680,264.5996062,9.319633549,53.90000002,G5V,1.05,5600,0.9
Gliese 553,29.19427821,9.84211463,53.89999999,K5V,0.7,4400,0.2
Gliese 1049,13.9504096,25.85960758,53.89999999,M0V,0.6,3800,0.08
HD 128311,75.66535901,28.52400623,54.00000001,K0V,0.8,5250,0.4
HR 5273,300.2903068,47.61306427,54.09999999,G5V,1.05,5600,0.9
WISE 06564205,154.6431447,32.96988261,54.09999999,T5,0.04,1000,1e-07
WISE 2348-1028,307.5521798,-35.28074104,54.10000002,T5,0.04,1000,1e-07
Gliese 3839,234.5281325,-39.94030974,54.35999997,M5V,0.2,3200,0.005
WISE 18043117,210.3677539,-69.11489068,54.40000001,T5,0.04,1000,1e-07
WISE 0148-7202,174.1106469,1.711169091,54.40000001,T5,0.04,1000,1e-07
Gliese 633,24.67662511,23.31872917,54.47,M0V,0.6,3800,0.08
Beta Cassiopeiae,295.8158013,-50.16281868,54.50000002,M5V,0.2,3200,0.005
HR 2225,325.8701586,-38.58216257,54.49999999,G5V,1.05,5600,0.9
Gliese 795,230.8336193,15.86965518,54.49999999,K5V,0.7,4400,0.2
39 Tauri,234.2767552,4.39127716,54.59999998,G5V,1.05,5600,0.9
A 2329,261.4201523,13.30162814,54.60000001,K5V,0.7,4400,0.2
Gliese 295,12.28700237,42.46638148,54.80000001,G5V,1.05,5600,0.9
Gliese 1181,302.8627623,-42.72349953,54.79999998,M0V,0.6,3800,0.08
Gliese 786,289.7322583,-4.866784007,54.80000001,K5V,0.7,4400,0.2
WISE 0333-5856,169.4441696,4.665653612,54.80000001,T5,0.04,1000,1e-07
WISE 23571227,166.8757098,6.748609856,54.80000001,T5,0.04,1000,1e-07
HD 7924,71.23011067,-3.43128164,54.89999999,K0V,0.8,5250,0.4
HR 2721,73.11048506,5.613469637,55.00000001,G0V,1.1,6000,1.2
Gliese 895.4,312.8400926,-37.2090831,55.00000001,K5V,0.7,4400,0.2
Gliese 200,4.696007376,38.12934733,55.00000001,K5V,0.7,4400,0.2
HD 152391,260.1685881,37.11084002,55.20000001,G5V,1.05,5600,0.9
Gliese 886,40.64183129,-1.670390335,55.20000001,K5V,0.7,4400,0.2
Gliese 565,165.6216647,24.76847782,55.29999999,K5V,0.7,4400,0.2
WISE 0366-0143,255.4299131,-6.940203352,55.40000001,T5,0.04,1000,1e-07
WISE 1225-1013,193.829549,15.81175026,55.39999998,T5,0.04,1000,1e-07
WISE 1612-3420,53.09935458,5.141300962,55.40000001,T5,0.04,1000,1e-07
WISE 18523537,92.67692066,11.53138583,55.40000001,T5,0.04,1000,1e-07
HD 7924,27.89063191,45.3888641,55.44999999,K0V,0.8,5250,0.4
HR 2997,301.830107,-74.07518808,55.60000001,G5V,1.05,5600,0.9
Gliese 728,341.1860072,-73.5387322,55.70000003,K5V,0.7,4400,0.2
HD 76151,154.7360826,31.90912469,55.79999998,G5V,1.05,5600,0.9
HR 7232,265.5098007,0.07121888,55.99999998,G5V,1.05,5600,0.9
HR 4864,168.352598,7.788378476,56.00000001,G5V,1.05,5600,0.9
WISE 0245-3450,52.70145875,12.55558912,56.1,T5,0.04,1000,1e-07
WISE 13206034,25.59922123,19.14720902,56.1,T5,0.04,1000,1e-07
Iota Horologii,39.66820655,32.38280203,56.20000001,G0V,1.1,6000,1.2
Gliese 3076,81.05572716,-2.654152944,56.23000001,M5V,0.2,3200,0.005
37 Geminorum,191.3231859,1.135188573,56.3,G0V,1.1,6000,1.2
HD 3765,206.1516764,-28.92124686,56.3,K5V,0.7,4400,0.2
Gliese 3476,142.7194078,14.62887037,56.40000001,K5V,0.7,4400,0.2
HIP 92444,317.4298549,54.15786066,56.40000001,K5V,0.7,4400,0.2
Gliese 3222,274.1812314,23.97789448,56.39999998,K5V,0.7,4400,0.2
ADS 9544,132.1330936,14.29944319,56.40000001,K5V,0.7,4400,0.2
Gliese 727,24.07776839,37.61177393,56.40000001,K5V,0.7,4400,0.2
Tau Hydrae,339.6368826,-14.5726868,56.5,F5V,1.4,6500,3
Gliese 3833,74.53102555,-36.800141,56.5,K5V,0.7,4400,0.2
DENIS-P J1058.7-1548,100.991274,38.35710691,56.5,L5,0.05,1500,1e-06
q Eridani,276.810329,34.99195271,56.59999998,F5V,1.4,6500,3
HR 6748,110.9723209,-31.97899744,56.60000002,G5V,1.05,5600,0.9
HD 184467,273.6644785,58.00980428,56.60000002,K5V,0.7,4400,0.2
Gliese 913,94.52773304,-13.67041708,56.60000002,M5V,0.2,3200,0.005
Xi Ophiuchi,158.4044005,18.11627324,56.7,F0V,1.6,7300,6
10 Canum Venaticorum,211.6405959,-7.410663974,56.7,G0V,1.1,6000,1.2
BD 68 278,147.9076169,-77.94531239,56.7,K5V,0.7,4400,0.2
Rho Coronae Borealis,339.1877886,78.43303212,56.80000002,G0V,1.1,6000,1.2
Chi Eridani,25.17279071,-27.64393873,56.99999998,G5V,1.05,5600,0.9
39 Serpentis,280.7521957,-19.74160261,56.99999998,G5V,1.05,5600,0.9
Gliese 293.1,24.67411301,-36.30666824,57.00000002,K5V,0.7,4400,0.2
Gliese 397.1,206.5453336,-47.71541324,57.00000002,M5V,0.2,3200,0.005
g Lupi,168.3428037,-27.85484062,57.1,F5V,1.4,6500,3
Gliese 649.1,209.6887126,-27.30651732,57.1,K5V,0.7,4400,0.2
WISE 02473725,239.9048999,36.10019041,57.1,T5,0.04,1000,1e-07
G 29-38,204.7878976,-28.05181507,57.15999998,DA,1,10000,0.001
Xi Geminorum,169.4931623,-14.03847513,57.20000002,F5V,1.4,6500,3
58 Ophiuchi,34.05255591,37.03977214,57.19999999,F5V,1.4,6500,3
Gliese 241,91.46079694,-11.57218132,57.19999999,K5V,0.7,4400,0.2
Gliese 3633,189.953491,2.339973525,57.20000002,K5V,0.7,4400,0.2
VVV BD001,74.13637281,-14.60961759,57.19999999,L5,0.05,1500,1e-06
59 Virginis,171.4807202,-48.90244346,57.3,G0V,1.1,6000,1.2
HR 7783,330.302826,6.283954145,57.3,G5V,1.05,5600,0.9
HR 5384,185.8087842,40.88565618,57.39999999,G5V,1.05,5600,0.9
HD 113194,154.8139901,49.03381649,57.39999999,K5V,0.7,4400,0.2
Gliese 562,196.2298586,-50.47781554,57.39999999,K5V,0.7,4400,0.2
WISE 0528-3308,296.4230497,-5.638083619,57.39999999,T5,0.04,1000,1e-07
HD 1237,28.31322117,81.76873608,57.5,G5V,1.05,5600,0.9
Gliese 1066,122.7874354,-15.06122518,57.5,M0V,0.6,3800,0.08
15 Sagittae,12.71669773,46.16942995,57.59999999,G0V,1.1,6000,1.2
15 Sagittae B,0,,0,L5,0.05,1500,1e-06
83 Leonis,111.0915049,17.85056249,57.59999999,K0V,0.8,5250,0.4
83 Leonis B,0,,0,K0V,0.8,5250,0.4
Gliese 819,109.5888107,-73.33081207,57.60000002,K5V,0.7,4400,0.2
Delta Leonis,115.1689128,-8.549063119,57.7,A5V,2,8200,10
Gliese 340,155.2357592,-53.58904249,57.7,K5V,0.7,4400,0.2
WISE 0138-0322,211.650365,72.80292999,57.7,T0,0.05,1200,1e-06
WISE 0611-0410,84.23575615,-15.00393672,57.7,T0,0.05,1200,1e-06
WISE 11222550,225.7888638,-35.07395763,57.7,T5,0.04,1000,1e-07
HR 7644,245.750575,-41.69602262,57.79999999,G5V,1.05,5600,0.9
Gliese 626,242.765425,-25.52890207,57.80000002,K5V,0.7,4400,0.2
Iota Pavonis,168.7243642,56.15055914,57.9,G5V,1.05,5600,0.9
HD 35650,230.8662502,27.08205086,57.9,K5V,0.7,4400,0.2
HD 82443,118.7739296,-12.09166889,57.9,K5V,0.7,4400,0.2
HR 5356,263.0420068,37.90018175,58.00000002,F5V,1.4,6500,3
HR 4525,83.24500461,17.10863921,57.99999999,G5V,1.05,5600,0.9
Gliese 365,252.7011204,39.82786985,57.99999999,K5V,0.7,4400,0.2
HR 2401,309.8994874,-4.328817993,58.19999999,F5V,1.4,6500,3
V833 Tauri,301.46191,33.5906959,58.19999999,K5V,0.7,4400,0.2
Alpha Comae Berenices,294.1168858,-13.36480779,58.30000001,F5V,1.4,6500,3
Alpha Comae Berenices B,0,,0,F5V,1.4,6500,3
Eta Coronae Borealis,94.50570172,-42.64212467,58.30000001,G0V,1.1,6000,1.2
Eta Coronae Borealis B,0,,0,G5V,1.05,5600,0.9
Eta Coronae Borealis C,0,,0,L5,0.05,1500,1e-06
Gamma Coronae Australis,132.2022483,-53.50099192,58.39999999,F5V,1.4,6500,3
Gamma Coronae Australis B,0,,0,F5V,1.4,6500,3
WISE 02062640,272.0781946,15.82508001,58.40000002,L5,0.05,1500,1e-06
Tau6 Eridani,251.7991406,-32.27884213,58.49999997,F5V,1.4,6500,3
HD 130948,80.59110755,54.51085831,58.50000001,G0V,1.1,6000,1.2
Gliese 1079,249.6801862,71.25839477,58.50000001,M0V,0.6,3800,0.08
Gliese 787,232.7179482,-3.124768386,58.50000001,K5V,0.7,4400,0.2
Gliese 418,84.08765448,15.23798146,58.50000001,K5V,0.7,4400,0.2
Iota Centauri,212.0934128,39.00159001,58.59999999,A0V,3,10000,80
Gliese 2037,225.3812749,-20.8983354,58.60000002,K5V,0.7,4400,0.2
Gliese 3317,45.6814013,9.890622048,58.70000001,K5V,0.7,4400,0.2
Gliese 18,266.001714,-34.93567262,58.70000001,M0V,0.6,3800,0.08
WISE 22130911,304.3356337,-49.65059596,58.70000001,T5,0.04,1000,1e-07
DG Canum Venaticorum,120.4813104,14.48085185,58.75999999,M5V,0.2,3200,0.005
HR 4989,143.0874881,-56.76155636,58.80000002,F5V,1.4,6500,3
212 Puppis,341.0696338,-3.362541735,58.79999999,F5V,1.4,6500,3
212 Puppis B,0,,0,K5V,0.7,4400,0.2
Delta Geminorum,262.8097731,-76.28182674,58.79999999,F0V,1.6,7300,6
Gliese 1240,316.4223058,-4.731268864,58.79999999,M0V,0.6,3800,0.08
Rho Geminorum,248.8053877,-30.29568359,58.90000001,F0V,1.6,7300,6
Rho Geminorum B,0,,0,M5V,0.2,3200,0.005
Rho Geminorum C,0,,0,K0V,0.8,5250,0.4
HD 154345,3.759444704,-32.17405681,58.90000001,G5V,1.05,5600,0.9
HR 3220,333.4586747,25.6016529,58.90000001,F5V,1.4,6500,3
HR 3220 B,0,,0,M5V,0.2,3200,0.005
Gliese 830,188.181709,42.41891911,58.90000001,K5V,0.7,4400,0.2
HD 87883,19.15345595,17.84081064,58.90000001,K0V,0.8,5250,0.4
Gliese 3293,16.70131148,41.29800826,58.99999999,M0V,0.6,3800,0.08
HD 154088,234.7530585,-2.792841034,58.99999999,K0V,0.8,5250,0.4
70 Virginis,302.3364886,15.39314566,59.10000001,G0V,1.1,6000,1.2
HR 2208,311.3551665,15.93527493,59.10000001,G5V,1.05,5600,0.9
Chi Cancri,167.6556277,-8.311113771,59.20000003,F5V,1.4,6500,3
14 Herculis,101.4799967,85.01591394,59.19999999,K0V,0.8,5250,0.4
Gliese 4008,170.68392,18.63739925,59.30000001,K5V,0.7,4400,0.2
Eta Corvi,253.0105923,31.23446308,59.39999999,F0V,1.6,7300,6
Pi Mensae,136.0677628,35.52031505,59.39999999,G0V,1.1,6000,1.2
HIP 38939,197.8708005,7.089586896,59.39999999,K5V,0.7,4400,0.2
Epsilon Reticuli,94.17340449,75.97617293,59.50000001,K0V,0.8,5250,0.4
Epsilon Reticuli B,0,,0,M5V,0.2,3200,0.005
Beta Arietis,287.2511036,80.84852653,59.59999999,A5V,2,8200,10
Psi Velorum,43.73570497,12.09926328,59.70000001,F5V,1.4,6500,3
Psi Velorum B,0,,0,F0V,1.6,7300,6
Gliese 1106,12.2473933,-46.7809765,59.69999998,M0V,0.6,3800,0.08
WISE 22391617,42.70401762,-58.84003349,59.70000001,T5,0.04,1000,1e-07
Gliese 1120,209.8013585,53.0091179,59.79999999,M0V,0.6,3800,0.08
Gliese 3488,184.9649618,-4.260853196,59.79999999,K5V,0.7,4400,0.2
LQ Hydrae,20.03134619,-47.91090277,59.79999999,K5V,0.7,4400,0.2
Gliese 131,107.2981139,-21.25218363,59.90000001,M0V,0.6,3800,0.08
HR 8314,292.2598338,28.97798992,60,G5V,1.05,5600,0.9
WISE 1436-1814,121.3139743,-46.86483982,60,T5,0.04,1000,1e-07
Delta Equulei,207.6752921,-20.35415335,60,F5V,1.4,6500,3
Delta Equulei B,0,,0,G0V,1.1,6000,1.2
HD 53143,122.6372328,60.28187686,60,K5V,0.7,4400,0.2
15 Leonis Minoris,25.13219786,-12.82336333,60.10000001,G0V,1.1,6000,1.2
Gliese 339,223.1916407,10.7162668,60.10000001,K5V,0.7,4400,0.2
Gliese 161,152.2861214,54.23686842,60.2,M0V,0.6,3800,0.08
Gliese 2102,306.708294,64.07198765,60.2,K5V,0.7,4400,0.2
Gliese 4134,265.3527406,-71.82855521,60.4,K5V,0.7,4400,0.2
Gliese 315,170.3395049,41.28571977,60.4,K5V,0.7,4400,0.2
Gliese 509,324.25994,-47.57045615,60.4,K5V,0.7,4400,0.2
HD 156985,16.87904241,22.72331777,60.4,K5V,0.7,4400,0.2
G 185-32,110.324729,-52.59802464,60.4,DA,1,10000,0.001
Gliese 610,303.1871531,-20.49100467,60.49999998,K5V,0.7,4400,0.2
Gliese 106,195.2390975,9.109533337,60.50000001,M0V,0.6,3800,0.08
HR 244,272.2714804,-9.118543523,60.6,F5V,1.4,6500,3
Theta Cygni,38.62985845,-23.65114668,60.70000001,F5V,1.4,6500,3
Theta Cygni B,0,,0,M5V,0.2,3200,0.005
Gliese 499,70.27110036,38.68909737,60.70000001,K5V,0.7,4400,0.2
WISE 23010216,100.4992037,1.010084595,60.70000001,T5,0.04,1000,1e-07
Gliese 254,269.8461345,-45.83157375,60.8,K5V,0.7,4400,0.2
Theta Centauri,246.2991322,43.81332261,60.89999998,K0III,2,4800,100
Mu Virginis,259.4069374,30.07561788,60.90000002,F0V,1.6,7300,6
HD 152606,186.9695158,4.948399404,60.90000002,K5V,0.7,4400,0.2
Gliese 902.1,153.9302638,70.65226518,60.90000002,K5V,0.7,4400,0.2
Kelu-1,39.69325455,1.729144571,60.90000002,L0,0.07,2000,1e-05
Kelu-1 B,0,,0,L5,0.05,1500,1e-06
Gliese 1094,235.9532695,-19.02849964,61,M0V,0.6,3800,0.08
HR 8061,139.1543077,-39.22163625,61.09999998,F5V,1.4,6500,3
Tau Piscis Austrini,312.8953558,30.18793576,61.09999998,F5V,1.4,6500,3
HR 8148,320.5389332,-52.21502464,61.10000002,G5V,1.05,5600,0.9
HD 206804,250.5059679,5.601679602,61.09999998,K5V,0.7,4400,0.2
Gliese 715,316.6431766,-6.500606718,61.2,K5V,0.7,4400,0.2
WISE 01503827,306.4665079,19.37374382,61.30000002,T0,0.05,1200,1e-06
HD 4747,186.5636499,51.65090865,61.4,G5V,1.05,5600,0.9
Gliese 249,334.5411899,-51.90775028,61.4,K5V,0.7,4400,0.2
Gliese 296,103.743193,-7.264488906,61.49999998,K5V,0.7,4400,0.2
HD 170573,0.51974903,-55.02600748,61.49999998,K5V,0.7,4400,0.2
Gliese 1054,164.3419148,-65.36481519,61.55000003,M0V,0.6,3800,0.08
6 Ceti,133.5920613,3.648705384,61.6,F5V,1.4,6500,3
HR 7683,154.7038952,-81.74212017,61.6,G5V,1.05,5600,0.9
Gliese 583,190.1928156,55.56307372,61.6,K5V,0.7,4400,0.2
Gliese 4287,274.6573226,-87.85751244,61.6,K5V,0.7,4400,0.2
Gliese 773,92.32509075,30.90182705,61.6,K5V,0.7,4400,0.2
WISE 21572659,91.71740477,30.23745548,61.6,T5,0.04,1000,1e-07
Gliese 100,225.7274769,-5.01558575,61.69999999,M0V,0.6,3800,0.08
Eta Serpentis,278.6194726,-39.98073138,61.8,K0V,0.8,5250,0.4
Gliese 689,331.1751314,-4.736134576,62,K5V,0.7,4400,0.2
WISE 17113500,64.53101825,-42.91735142,62,T5,0.04,1000,1e-07
HD 139477,312.8581713,39.50936811,62.2,K5V,0.7,4400,0.2
110 Herculis,23.77361371,1.734982574,62.29999999,F5V,1.4,6500,3
HR 2643,194.0674983,-49.83656386,62.29999999,G5V,1.05,5600,0.9
WISE 17211117,75.74575327,-14.12773296,62.29999999,T5,0.04,1000,1e-07
HR 3625,195.6210084,38.67822941,62.4,F5V,1.4,6500,3
Gliese 646,1.754665767,65.89458894,62.4,K5V,0.7,4400,0.2
Gliese 576,197.5616064,-13.52028985,62.60000001,K5V,0.7,4400,0.2
Gliese 1246,156.270592,-15.77783891,62.60000001,M0V,0.6,3800,0.08
ADS 10075,214.1693449,-47.57412895,62.60000001,K5V,0.7,4400,0.2
WISE 00490441,259.0453436,16.56542085,62.60000001,L5,0.05,1500,1e-06
Rho Puppis,123.4609354,6.032774655,62.69999999,F0V,1.6,7300,6
HD 25457,194.0298934,-48.63219793,62.69999999,F5V,1.4,6500,3
Gliese 292.2,209.9637463,14.79740181,62.69999999,G5V,1.05,5600,0.9
Gliese 825.3,99.09285933,7.856772388,62.69999999,K5V,0.7,4400,0.2
Gliese 3546,144.9612796,14.69857289,62.69999999,K5V,0.7,4400,0.2
WD 0806661,293.7145469,-38.7690372,62.73000001,M5V,0.2,3200,0.005
WD 0806661 B,0,,0,Y0,0.02,600,1e-08
1 Centauri,67.19622304,34.02588136,62.80000001,F5V,1.4,6500,3
Gliese 1283,79.12115744,-54.67953814,62.80000001,M0V,0.6,3800,0.08
HD 189733,338.1147736,-13.60465539,62.80000001,K0V,0.8,5250,0.4
HD 189733 B,0,,0,M5V,0.2,3200,0.005
Beta Pictoris,353.0906586,38.79548506,62.89999999,A5V,2,8200,10
WISE 0032-4946,342.4348108,15.36660984,62.89999999,T5,0.04,1000,1e-07
HD 43587,324.9034484,19.6130416,63.00000001,G0V,1.1,6000,1.2
HD 43587 B,0,,0,M0V,0.6,3800,0.08
HD 43587 C,0,,0,M5V,0.2,3200,0.005
HD 43587 D,0,,0,M5V,0.2,3200,0.005
Gliese 710,346.1021106,-28.95588105,63.00000001,K5V,0.7,4400,0.2
WD 0806-661,47.00112894,9.956590598,63.00000001,M5V,0.2,3200,0.005
WD 0806-661 B,0,,0,Y0,0.02,600,1e-08
Gliese 775.1,81.9105646,7.066621974,63.09999999,G5V,1.05,5600,0.9
Gliese 1126,294.3638818,-12.83055329,63.09999999,M0V,0.6,3800,0.08
Gliese 45,14.17233947,10.43912072,63.09999999,K5V,0.7,4400,0.2
Gliese 816.1,63.83170404,-31.84525616,63.20000001,K5V,0.7,4400,0.2
Omicron Aquilae,270.3324882,-39.21404516,63.30000002,F5V,1.4,6500,3
Omicron Aquilae B,0,,0,M5V,0.2,3200,0.005
Gliese 790,259.7796497,22.06251833,63.29999999,G5V,1.05,5600,0.9
Gliese 9126,315.6793006,21.67331744,63.29999999,K5V,0.7,4400,0.2
HD 274255,21.99829014,-31.98587277,63.29999999,M5V,0.2,3200,0.005
Alpha Chamaeleontis,58.75868091,43.15594594,63.49999999,F5V,1.4,6500,3
HR 6465,188.2239216,1.133921153,63.50000002,G5V,1.05,5600,0.9
Gliese 894.5,334.3320316,53.97305202,63.49999999,K5V,0.7,4400,0.2
Gliese 59,296.2192074,-8.94176946,63.60000001,K5V,0.7,4400,0.2
Gliese 571.1,172.4907432,47.77694703,63.60000001,K5V,0.7,4400,0.2
WISE 08124021,217.8567696,3.251334132,63.59999998,T5,0.04,1000,1e-07
HD 130004,342.7157478,39.04772311,63.69999999,K5V,0.7,4400,0.2
c Ursae Majoris,164.3786613,-23.70281494,63.80000001,G0V,1.1,6000,1.2
Gliese 204.1,357.0891226,69.00396826,63.80000001,G5V,1.05,5600,0.9
HIP 38594,222.1952463,19.36259478,63.80000001,M5V,0.2,3200,0.005
Gliese 3859,153.6879605,67.58295973,63.89999999,G5V,1.05,5600,0.9
74 Orionis,187.1049639,-53.54042336,64.00000001,F5V,1.4,6500,3
Gliese 3383,272.9052229,-11.535207,64.00000001,G5V,1.05,5600,0.9
Alpha Trianguli,139.3377542,-54.35538418,64.09999999,M5V,0.2,3200,0.005
Alpha Trianguli B,0,,0,M5V,0.2,3200,0.005
Eta Crucis,225.4036706,-27.98536513,64.20000001,M5V,0.2,3200,0.005
Gliese 3867,184.7180393,-82.41472907,64.20000001,G5V,1.05,5600,0.9
HD 59747,88.15407365,41.67506602,64.20000001,G5V,1.05,5600,0.9
Gliese 906,227.3249155,26.01829495,64.20000001,K5V,0.7,4400,0.2
45 Botis,153.7446853,7.389330252,64.3,F5V,1.4,6500,3
HD 217107,267.6329721,15.21946506,64.3,G5V,1.05,5600,0.9
Gliese 81.2,351.9761183,-28.75670207,64.3,K5V,0.7,4400,0.2
HD 189733 B,160.3733367,-17.07213189,64.5,M5V,0.2,3200,0.005
HD 189733,266.9317156,-8.482271345,64.42,K0V,0.8,5250,0.4
HD 220140,341.1608663,18.09257343,64.40000001,G5V,1.05,5600,0.9
Gliese 140.1,132.4430618,-34.81062995,64.40000001,M0V,0.6,3800,0.08
Gliese 3678,0.675229542,-18.60190829,64.40000001,K5V,0.7,4400,0.2
EQ Virginis,42.45433493,27.33391305,64.5,K5V,0.7,4400,0.2
Gliese 3634,170.9546416,-33.6158236,64.5,M0V,0.6,3800,0.08
DENIS-P J020529.0-115925,97.4998416,-30.85502978,64.5,L5,0.05,1500,1e-06
Nu Canis Majoris,24.3228874,73.32146399,64.7,K0III,2,4800,100
Gliese 586,260.9388449,44.55017592,64.79999998,K5V,0.7,4400,0.2
Gliese 1164,170.3179001,71.96070835,64.80000001,M0V,0.6,3800,0.08
LHS 1678,60.96980456,23.63767328,64.79000001,M0V,0.6,3800,0.08
22 Lyncis,108.8151809,-59.8249694,64.9,F5V,1.4,6500,3
HD 192263,170.7232336,19.76591432,64.9,K0V,0.8,5250,0.4
HD 35112,10.63389379,-36.19756004,64.9,K5V,0.7,4400,0.2
WISE 0612-3036,272.8858263,7.773409641,64.90000003,T5,0.04,1000,1e-07
WISE 09290409,151.673309,26.86048022,64.9,T5,0.04,1000,1e-07
HR 3430,10.52972024,15.19450242,65.00000001,G5V,1.05,5600,0.9
Gliese 530,52.78311813,-38.48520219,65.00000001,G5V,1.05,5600,0.9
HD 216520,244.9835052,-8.535680027,65.00000001,K5V,0.7,4400,0.2
GD 356,6.246999169,-7.535208559,65.00000001,M5V,0.2,3200,0.005
Aldebaran,142.4046067,52.04312289,65.1,K5III,1.5,4000,1000
GJ 1233,69.22541572,-2.359652194,65.20000001,G5V,1.05,5600,0.9
Gliese 292.1,294.7557321,79.37772774,65.20000001,K5V,0.7,4400,0.2
Gliese 268.2,152.5774067,22.07345901,65.20000001,K5V,0.7,4400,0.2
GJ 1278,186.8644307,42.42790921,65.3,K5V,0.7,4400,0.2
Gliese 328,65.28025263,24.83052629,65.3,M5V,0.2,3200,0.005
Epsilon Scorpii,188.4499941,-60.23312492,65.40000002,K0III,2,4800,100
Gliese 342,187.6278146,39.32151092,65.39999998,K5V,0.7,4400,0.2
Gliese 747.3,311.1553785,-3.201039358,65.40000002,K5V,0.7,4400,0.2
53 Aquarii,299.2635914,-6.399096717,65.5,G0V,1.1,6000,1.2
53 Aquarii B,0,,0,G5V,1.05,5600,0.9
Gliese 456.1,162.9034236,-2.985438779,65.59999998,K5V,0.7,4400,0.2
HD 110810,132.7504694,51.30423161,65.59999998,K5V,0.7,4400,0.2
RR Caeli,359.2569811,47.80487835,65.64999999,DA,1,10000,0.001
RR Caeli B,0,,0,M5V,0.2,3200,0.005
Alpha Caeli,131.7690994,-1.801683138,65.7,F0V,1.6,7300,6
Alpha Caeli B,0,,0,M0V,0.6,3800,0.08
81 Cancri,113.9178936,-23.40208503,65.7,G5V,1.05,5600,0.9
81 Cancri B,0,,0,K0V,0.8,5250,0.4
81 Cancri C,0,,0,L5,0.05,1500,1e-06
81 Cancri D,0,,0,L5,0.05,1500,1e-06
Gliese 762.2,283.1359226,21.06521267,65.7,G5V,1.05,5600,0.9
HD 136923,273.7760006,28.96891672,65.7,K5V,0.7,4400,0.2
HD 149806,293.1708396,17.84618868,65.7,K5V,0.7,4400,0.2
Hamal,53.02510943,57.61391841,65.9,K0III,2,4800,100
GJ 3620,64.62390711,-17.4637747,65.9,K5V,0.7,4400,0.2
Gliese 765.4,209.1155081,-19.74185603,65.9,K5V,0.7,4400,0.2
GJ 3293,0.746178912,5.945223559,65.91000001,M0V,0.6,3800,0.08
DENIS-P J1228.2-1547,179.0591797,-34.68784111,65.99999999,L5,0.05,1500,1e-06
Kappa Tucanae,58.87576003,67.01075086,66.03999999,F5V,1.4,6500,3
HR 8853,122.159927,32.18227297,66.1,F5V,1.4,6500,3
Gliese 199,73.08703225,-8.17051089,66.1,M0V,0.6,3800,0.08
Gamma Doradus,88.70523583,-3.395259307,66.19999999,F0V,1.6,7300,6
Gliese 836.8,155.3439303,67.05060206,66.19999999,K5V,0.7,4400,0.2
WISE 0413-4750,171.8070005,-11.66652426,66.19999999,T5,0.04,1000,1e-07
Gliese 221,91.54380922,-10.72930747,66.3,K5V,0.7,4400,0.2
Gliese 221 B,0,,0,M0V,0.6,3800,0.08
Gliese 840,109.2797365,-13.91323002,66.3,K5V,0.7,4400,0.2
GJ 2001,99.07935316,49.77551012,66.3,K5V,0.7,4400,0.2
Tau Cygni,145.6262073,-55.51691287,66.40000002,F0V,1.6,7300,6
Tau Cygni B,0,,0,G0V,1.1,6000,1.2
GJ 3863,139.4437486,-22.67243496,66.39999999,G5V,1.05,5600,0.9
Gliese 558,304.5256802,1.073693423,66.39999999,K5V,0.7,4400,0.2
HR 6349,41.1504054,-24.04330712,66.5,F5V,1.4,6500,3
9 Ceti,225.1509137,-48.86503646,66.5,G5V,1.05,5600,0.9
Gliese 257.1,193.6585094,12.43772863,66.59999999,K5V,0.7,4400,0.2
GJ 1069,1.364848334,6.773798956,66.59999999,K5V,0.7,4400,0.2
HD 114783,268.087507,-26.45541546,66.60000002,K0V,0.8,5250,0.4
DK Leonis,182.9604981,-18.66041242,66.59999999,K5V,0.7,4400,0.2
Sigma Ursae Majoris,10.46283533,55.76971789,66.7,F5V,1.4,6500,3
Sigma Ursae Majoris B,0,,0,K0V,0.8,5250,0.4
HD 30501,55.75921993,-54.58254171,66.7,K5V,0.7,4400,0.2
GJ 9714,158.1238625,69.22889362,66.7,K5V,0.7,4400,0.2
HR 8531,37.38764627,-62.16691718,66.79999999,F5V,1.4,6500,3
HD 114613,62.99381359,29.89435898,66.79999999,G5V,1.05,5600,0.9
GJ 1262,335.7672945,15.40244462,66.79999999,G5V,1.05,5600,0.9
Gliese 783.2,306.3580123,18.22379203,66.79999999,K5V,0.7,4400,0.2
GJ 1172,111.1303306,18.19998981,66.9,K5V,0.7,4400,0.2
GJ 3358,186.000367,-54.12383368,66.9,K5V,0.7,4400,0.2
HD 155712,67.98827384,-67.95906729,66.99999999,K5V,0.7,4400,0.2
HR 8843,191.8935355,72.18729648,67.10000001,F5V,1.4,6500,3
Gliese 217,144.995316,-30.45310328,67.10000001,K5V,0.7,4400,0.2
Gliese 330.1,9.985969966,-32.94723068,67.19999999,M5V,0.2,3200,0.005
WISE 01234142,56.65815489,21.28339464,67.19999999,T5,0.04,1000,1e-07
WISE 06255646,266.0819803,17.78948783,67.19999999,T5,0.04,1000,1e-07
GJ 3593,10.40809259,-18.17353334,67.30000001,G5V,1.05,5600,0.9
HD 332518,94.24760331,78.96540176,67.30000001,K5V,0.7,4400,0.2
HD 24496,38.4451408,-21.99000069,67.40000002,G5V,1.05,5600,0.9
Gliese 808.2,4.077514306,-9.072490804,67.39999999,K5V,0.7,4400,0.2
CR Draconis,73.27469496,20.45313873,67.40000002,M5V,0.2,3200,0.005
94 Aquarii,282.5378415,47.26986963,67.59999999,G5V,1.05,5600,0.9
94 Aquarii B,0,,0,K0V,0.8,5250,0.4
GJ 1108,15.06073457,51.85751581,67.59999999,K5V,0.7,4400,0.2
HIP 105533,274.4271831,20.28719699,67.60000002,M5V,0.2,3200,0.005
Gliese 53.1,60.38084607,23.16424908,67.70000001,K5V,0.7,4400,0.2
GJ 1084,54.21439242,18.47086672,67.70000001,K5V,0.7,4400,0.2
GJ 1008,178.9830238,36.12063242,67.70000001,K5V,0.7,4400,0.2
Gliese 30,71.42985183,-72.41835721,67.70000001,K5V,0.7,4400,0.2
Gliese 544,255.3302945,-53.4040725,67.79999999,K5V,0.7,4400,0.2
GJ 1280,151.4764513,14.32001937,67.90000001,K5V,0.7,4400,0.2
HD 104067,254.922701,-6.272515259,67.90000001,K5V,0.7,4400,0.2
Gliese 900,84.55578624,-21.05480298,67.99999999,K5V,0.7,4400,0.2
Gliese 900 B,0,,0,M5V,0.2,3200,0.005
Gliese 900 C,0,,0,M5V,0.2,3200,0.005
17 Cygni,353.7728983,-18.70192152,67.99999999,F5V,1.4,6500,3
17 Cygni B,0,,0,M0V,0.6,3800,0.08
HR 7330,170.6068154,7.949308687,68.00000003,G5V,1.05,5600,0.9
Gliese 533,162.5850741,-56.43189291,67.99999999,K5V,0.7,4400,0.2
HR 7631,95.13029076,-27.36036635,68.10000001,F5V,1.4,6500,3
HR 5,305.2063267,22.71850834,68.20000003,G5V,1.05,5600,0.9
Gliese 415,271.1711186,-38.97842031,68.19999999,K5V,0.7,4400,0.2
WISE 08211443,288.8465715,-26.28088836,68.19999999,T5,0.04,1000,1e-07
Theta Draconis,85.71987573,14.92543082,68.30000001,F5V,1.4,6500,3
13 Ceti,301.4680565,8.861096047,68.29999998,F5V,1.4,6500,3
HR 7260,217.626545,6.561128854,68.29999998,G5V,1.05,5600,0.9
HD 33564,337.4016636,26.0158815,68.39999999,F5V,1.4,6500,3
Gliese 371,337.5085468,3.240419656,68.39999999,K5V,0.7,4400,0.2
HD 220221,168.148927,-57.50570892,68.39999999,K5V,0.7,4400,0.2
HR 8013,285.738685,-55.40972501,68.49999998,F5V,1.4,6500,3
Gliese 59.1,285.5004864,-48.17993343,68.50000001,G5V,1.05,5600,0.9
HR 7914,270.5376691,-4.415754638,68.50000001,G5V,1.05,5600,0.9
HD 119802,335.4240773,-38.87189434,68.50000001,K5V,0.7,4400,0.2
Gliese 491,18.7486753,-19.32149569,68.50000001,K5V,0.7,4400,0.2
HD 216259,163.916652,-9.496106694,68.59999999,K5V,0.7,4400,0.2
Gliese 396,185.3417825,-9.103675378,68.59999999,K5V,0.7,4400,0.2
HD 124580,188.4395156,-60.49411709,68.70000001,F5V,1.4,6500,3
71 Orionis,220.4490278,-65.34886891,68.90000001,F5V,1.4,6500,3
Gliese 889,157.8480866,33.79684556,68.90000001,K5V,0.7,4400,0.2
40 Leonis,11.91885469,69.57754116,69,F5V,1.4,6500,3
51 Arietis,244.969031,-28.23362763,69,G5V,1.05,5600,0.9
Gliese 336,134.1731441,-55.25244471,69,M5V,0.2,3200,0.005
Nu Octantis,130.5584424,-22.98193851,69.10000001,K0III,2,4800,100
I Puppis,348.2601425,-42.66110362,69.09999998,F5V,1.4,6500,3
V774 Tauri,297.2936822,1.484247349,69.09999998,G5V,1.05,5600,0.9
GJ 1165,217.7282135,-0.84737768,69.10000001,K5V,0.7,4400,0.2
Gliese 659,286.049447,63.68139058,69.2,K5V,0.7,4400,0.2
Gliese 276,294.6205536,2.88210603,69.30000001,K5V,0.7,4400,0.2
GJ 1048,30.94626083,-8.163568864,69.30000001,K5V,0.7,4400,0.2
HD 210277,247.498854,-19.72964807,69.4,G0V,1.1,6000,1.2
HR 3578,114.3435557,-58.10956024,69.50000001,F5V,1.4,6500,3
Gliese 155.2,142.288442,-12.13771684,69.50000001,M0V,0.6,3800,0.08
HD 97658,132.3070029,7.217402927,69.50000001,K0V,0.8,5250,0.4
Gliese 122,152.6736582,-23.43108995,69.50000001,M0V,0.6,3800,0.08
50 Persei,11.36121178,-23.26926835,69.6,F5V,1.4,6500,3
HR 5070,79.23407515,-56.20368479,69.6,G5V,1.05,5600,0.9
GJ 3917,163.6543176,32.38451593,69.6,G5V,1.05,5600,0.9
Iota Virginis,249.4956572,-55.69015536,69.8,F5V,1.4,6500,3
HR 3220,92.36311053,-76.08161121,69.8,F5V,1.4,6500,3
HD 10086,104.2577187,-40.06174514,69.8,G5V,1.05,5600,0.9
GJ 3257,44.98859971,-28.41984293,69.8,G5V,1.05,5600,0.9
16 Cygni,74.99354748,74.42448508,69.8,G0V,1.1,6000,1.2
16 Cygni B,0,,0,G0V,1.1,6000,1.2
16 Cygni C,0,,0,M5V,0.2,3200,0.005
HD 92945,248.0099122,-2.374148669,69.8,K0V,0.8,5250,0.4
Gliese 857.1,115.1781559,24.38710745,69.8,K5V,0.7,4400,0.2
GJ 4254,305.407868,-8.948964494,69.8,M5V,0.2,3200,0.005
WISE 0448-1935,308.4453338,-49.85365431,69.8,T5,0.04,1000,1e-07
Kappa Reticuli,155.9303699,-19.44656575,69.90000002,F5V,1.4,6500,3
V775 Herculis,291.7281444,-16.61360318,69.90000002,K5V,0.7,4400,0.2
GJ 4268,17.08277707,37.90530003,70,K5V,0.7,4400,0.2
GJ 3071,182.1727096,-3.917722882,70,K5V,0.7,4400,0.2
HIP 88976,108.6598633,-66.24603245,70,M5V,0.2,3200,0.005
HD 215152,62.70396262,40.52997266,70.38999999,K5V,0.7,4400,0.2
HD 90089,145.5313474,76.79167394,70.09999998,F0V,1.6,7300,6
Gliese 694.2,244.4710593,-41.8368223,70.10000002,M5V,0.2,3200,0.005
Gliese 799.1,280.220469,36.12200076,70.2,DA,1,10000,0.001
HD 16673,37.92948023,-30.90353778,70.29999998,F5V,1.4,6500,3
HIP 65083,209.806628,-5.452009368,70.29999998,M5V,0.2,3200,0.005
HD 329868,315.1829541,-19.32909542,70.30000002,M5V,0.2,3200,0.005
GJ 1170,1.616072357,3.438589068,70.29999998,M5V,0.2,3200,0.005
Epsilon Serpentis,24.6670364,11.83233719,70.4,A0V,3,10000,80
GJ 3059,329.8536793,-31.07597901,70.4,M5V,0.2,3200,0.005
Zeta Leporis,183.9932035,-1.71952685,70.49999999,A0V,3,10000,80
84 Ceti,90.83267214,-48.23108804,70.50000002,F5V,1.4,6500,3
84 Ceti B,0,,0,K0V,0.8,5250,0.4
HIP 15332,329.7452989,-9.693065396,70.49999999,M5V,0.2,3200,0.005
HD 159062,135.3932049,-21.43168618,70.61899999,G5V,1.05,5600,0.9
HD 159062 B,0,,0,M5V,0.2,3200,0.005
Sigma Coronae Borealis,166.7074263,-20.54976499,70.69999999,F5V,1.4,6500,3
Sigma Coronae Borealis B,0,,0,G0V,1.1,6000,1.2
WISE 2327-2730,156.7057621,-21.1989152,70.8,L5,0.05,1500,1e-06
Gliese 747.4,89.62584614,-17.99560526,70.89999999,M5V,0.2,3200,0.005
Theta Sculptoris,33.04258642,-18.8612083,71.09999999,F5V,1.4,6500,3
Alpha Hydri,14.21447608,75.81447718,71.29999999,F0V,1.6,7300,6
Lambda Arae,85.81547833,26.67616691,71.29999999,F5V,1.4,6500,3
HD 91324,204.243436,37.9357249,71.30000002,F5V,1.4,6500,3
HD 91324 B,0,,0,M5V,0.2,3200,0.005
Eta Scorpii,317.5646165,3.647944809,71.60000001,F5V,1.4,6500,3
HD 108954,77.95522153,9.65969505,71.60000001,F5V,1.4,6500,3
HD 164922,145.1378144,-9.705662784,71.69000001,G5V,1.05,5600,0.9
Gamma Tucanae,31.73241242,12.44743904,71.80000001,M5V,0.2,3200,0.005
WISE 0031-3840,83.77696064,-65.15355272,71.80000001,L0,0.07,2000,1e-05
Psi1 Draconis,148.390608,30.93084497,71.89999999,F5V,1.4,6500,3
WISE 09521955,192.1710212,-19.55740061,72.09999999,T5,0.04,1000,1e-07
Nu Octantis,255.0490393,65.53482812,72.09999999,K0III,2,4800,100
Nu Octantis B,0,,0,M5V,0.2,3200,0.005
WISE 15170529,83.95368051,81.72584999,72.40000001,T5,0.04,1000,1e-07
WISE 0836-1859,189.9898937,-44.00085832,72.39999998,T5,0.04,1000,1e-07
VHS J1256-1257,0.278063202,8.176340329,72.40000001,M8V,0.1,2600,0.0001
VHS J1256-1257 B,0,,0,M8V,0.1,2600,0.0001
VHS J1256-1257 C,0,,0,L5,0.05,1500,1e-06
WISE 17176129,349.788253,-34.829696,72.69999999,T5,0.04,1000,1e-07
Epsilon Cygni,301.1084341,-24.91789888,72.69999999,K0III,2,4800,100
94 Ceti,339.8121141,16.51071371,73.00000001,F5V,1.4,6500,3
94 Ceti B,0,,0,M5V,0.2,3200,0.005
HD 63433,1.89185482,-37.89945389,73.03500001,G5V,1.05,5600,0.9
Mu Cygni,110.6243371,8.080237392,73.1,F5V,1.4,6500,3
Mu Cygni B,0,,0,G0V,1.1,6000,1.2
WISE 02213842,146.775593,40.1436004,73.1,T5,0.04,1000,1e-07
HD 14214,26.80146556,26.83056491,73.1,G0V,1.1,6000,1.2
HD 14214 B,0,,0,M0V,0.6,3800,0.08
Ross 593,262.2424955,-6.932435579,73.11999998,M5V,0.2,3200,0.005
18 Puppis,72.0228534,-40.2369006,73.3,F5V,1.4,6500,3
HR 4657,51.56550257,-46.55230771,73.60000001,F5V,1.4,6500,3
HD 139461139460,161.7514647,-27.51258274,73.80000001,F5V,1.4,6500,3
HD 167425,246.2580112,-17.68083127,73.80000001,F5V,1.4,6500,3
Alpha Serpentis,135.8128875,-35.99529897,74.00000002,K0III,2,4800,100
EZ Ceti,219.458684,5.369775905,73.99999998,G5V,1.05,5600,0.9
Zeta Virginis,3.134541049,-48.28594394,74.1,A5V,2,8200,10
Zeta Virginis B,0,,0,M5V,0.2,3200,0.005
39 Leonis,250.1938294,5.219645846,74.1,F5V,1.4,6500,3
39 Leonis B,0,,0,M0V,0.6,3800,0.08
Upsilon Aquarii,232.6918613,13.28915276,74.20000002,F5V,1.4,6500,3
Alpha Librae,100.9325649,-22.2512199,74.9,F5V,1.4,6500,3
WISE 18093838,168.615149,-36.76997039,74.40000002,T5,0.04,1000,1e-07
WISE 03053954,326.2245063,24.97623652,75.00000002,T5,0.04,1000,1e-07
HIP 12961,100.6170313,-26.96204571,74.99999999,M0V,0.6,3800,0.08
Alpha Coronae Borealis,102.5184705,41.99723074,74.99999999,A0V,3,10000,80
Alpha Coronae Borealis B,0,,0,G5V,1.05,5600,0.9
Delta Herculis,14.97382495,19.68867028,75.1,A5V,2,8200,10
HD 212168,126.3253239,-59.95232245,75.17000003,G5V,1.05,5600,0.9
Chi Ceti,265.893752,-17.70410702,75.59999999,M5V,0.2,3200,0.005
Gamma Tucanae,229.6727993,-52.39050981,75.20000002,F5V,1.4,6500,3
Omega Draconis,279.9773512,17.08864917,75.59999999,F5V,1.4,6500,3
Alpha Librae,83.60124994,48.04730554,75.79999999,K0V,0.8,5250,0.4
HD 101177,51.76335345,-8.448288074,75.83000001,G0V,1.1,6000,1.2
HD 101177 B,0,,0,K0V,0.8,5250,0.4
Ca,198.3460842,-26.70770645,76.10000001,M0V,0.6,3800,0.08
Cb,0,,0,M5V,0.2,3200,0.005
HD 127334,35.26399704,-5.019787969,76.29,G5V,1.05,5600,0.9
Omega Sagittarii,340.4285995,11.84931447,76.39999999,G5V,1.05,5600,0.9
Gliese 7,199.8492627,-52.81365719,76.47000002,M0V,0.6,3800,0.08
HD 1461,310.4666403,66.75469474,76.50000001,G5V,1.05,5600,0.9
64 Piscium,286.2753258,13.7774091,76.50000001,F5V,1.4,6500,3
64 Piscium B,0,,0,F5V,1.4,6500,3
HD 167425,138.3758235,-23.17790369,76.50000001,F5V,1.4,6500,3
HD 42618,294.0058847,-35.3287551,76.65,G5V,1.05,5600,0.9
Zeta Serpentis,335.2020852,68.16643558,76.79999999,F0V,1.6,7300,6
2MASS J083048780128311,3.299166695,-49.23750558,76.99999999,T5,0.04,1000,1e-07
EX Ceti or HD 10008 or BD-07 268 Cetus,259.7532749,13.67535549,76.99999999,G5V,1.05,5600,0.9
HIP 70849,275.7481946,64.93747169,76.99999999,K5V,0.7,4400,0.2
Mu Cancri,28.75081724,9.459352711,76.99999999,G0V,1.1,6000,1.2
HD 214953,315.7244736,32.05867853,76.99999999,G0V,1.1,6000,1.2
HD 26491,261.5126314,34.29752448,77.07000002,G5V,1.05,5600,0.9
88 Leonis,92.27386825,28.3945202,77.19999999,F5V,1.4,6500,3
88 Leonis B,0,,0,G5V,1.05,5600,0.9
KU Librae,355.8801008,-4.546301843,77.22999999,G5V,1.05,5600,0.9
WISE 01351715,226.9761651,-12.78111257,77.30000001,T5,0.04,1000,1e-07
Kappa Phoenicis,166.7389035,-18.11818138,77.69999998,A5V,2,8200,10
23 Ursae Majoris,114.5382116,15.22194818,77.70000001,F0V,1.6,7300,6
HD 202628,141.1450151,-5.379229314,77.73,G0V,1.1,6000,1.2
KOBE-1,195.2258134,-61.17512224,77.89000001,K5V,0.7,4400,0.2
27 Cygni,152.4330455,-11.79946268,78.10000001,G5V,1.05,5600,0.9
Lambda Sagittarii,227.2463059,-59.53703978,78.2,K0V,0.8,5250,0.4
WISE 07337544,230.4106053,-41.14071858,78.30000001,T5,0.04,1000,1e-07
HD 134060,235.9757563,-12.00508774,78.39999997,G0V,1.1,6000,1.2
HD 3765,269.8186003,23.59238416,78.50000002,K0V,0.8,5250,0.4
HD 190422,320.5635116,-31.76615858,78.6,F5V,1.4,6500,3
Eta Indi,9.45235876,-1.635290647,78.8,A5V,2,8200,10
Wolf 1106,79.22938486,-5.719812052,78.84,M5V,0.2,3200,0.005
12 Persei,358.5485588,51.12464862,78.89999998,F5V,1.4,6500,3
12 Persei B,0,,0,F5V,1.4,6500,3
2MASSW J1728114394859,163.2137457,40.04562523,79,L5,0.05,1500,1e-06
2MASSW J1728114394859 B,0,,0,L5,0.05,1500,1e-06
HD 62644,167.2392105,9.314163775,79,G5V,1.05,5600,0.9
HD 121560,213.0800506,52.70172911,79,F5V,1.4,6500,3
Iota Leonis,238.4353704,-0.469591657,79,F5V,1.4,6500,3
Iota Leonis B,0,,0,G5V,1.05,5600,0.9
WISE 10196529,357.4111765,-26.94281341,79,T5,0.04,1000,1e-07
WISE 10196529 B,0,,0,T5,0.04,1000,1e-07
Regulus B,297.5662108,-67.18416742,79.01999998,K0V,0.8,5250,0.4
Regulus C,0,,0,M5V,0.2,3200,0.005
HD 76653,73.86697465,-63.971538,79.09999999,F5V,1.4,6500,3
Regulus,164.2632501,65.43649845,79.29999999,B5V,6,15000,800
Ab,0,,0,M5V,0.2,3200,0.005
MT Pegasi,306.5152211,42.58592163,79.30999999,G0V,1.1,6000,1.2
HD 156668,192.9917746,-62.86826974,79.33999999,K5V,0.7,4400,0.2
GJ 2097,244.6118773,-77.31194416,79.39999997,M0V,0.6,3800,0.08
37 Ceti,18.52541537,23.25666565,79.49000001,F5V,1.4,6500,3
BZ Ceti,105.7964391,-18.02131708,79.55,K0V,0.8,5250,0.4
7 Andromedae,297.4203045,47.60159439,79.6,F0V,1.6,7300,6
HD 195564,198.6354517,0.017682886,79.6,G0V,1.1,6000,1.2
Merak,107.899719,23.43059013,79.69999999,A0V,3,10000,80
